<?xml version="1.0" encoding="UTF-8"?>
<jcr:root xmlns:sling="http://sling.apache.org/jcr/sling/1.0" xmlns:cq="http://www.day.com/jcr/cq/1.0" xmlns:jcr="http://www.jcp.org/jcr/1.0"
    jcr:primaryType="cq:Tag"
    jcr:title="Orphan"
    sling:resourceType="cq/tagging/components/tag">
    <activek/>
    <amylex/>
    <biovia/>
    <choozit/>
    <clean_technologies/>
    <cremodan/>
    <dicamba/>
    <dicamba_blend_precisionpac_td/>
    <dicamba_tdbrown_soil/>
    <dimodan/>
    <grindsted/>
    <grindsted_fiberline/>
    <holdbac/>
    <howaru/>
    <maxlife/>
    <non-crop/>
    <pinvita/>
    <powerfresh/>
    <pre-emergent/>
    <pre-emergent_precisionpac_td/>
    <safety_resources/>
    <sustainable_operations/>
    <texel/>
    <training_solutions/>
    <xivia/>
    <yo-mix/>
</jcr:root>
