<?xml version="1.0" encoding="UTF-8"?>
<jcr:root xmlns:sling="http://sling.apache.org/jcr/sling/1.0" xmlns:cq="http://www.day.com/jcr/cq/1.0" xmlns:jcr="http://www.jcp.org/jcr/1.0"
    cq:lastReplicated="{Date}2013-01-30T20:38:56.084Z"
    cq:lastReplicatedBy="wchoi"
    cq:lastReplicationAction="Activate"
    jcr:mixinTypes="[cq:ReplicationStatus]"
    jcr:primaryType="cq:Tag"
    sling:resourceType="cq/tagging/components/tag">
    <industry/>
    <business_unit/>
    <pcg/>
    <brands/>
    <products/>
    <megatrend/>
    <usage/>
    <uses_and_applications/>
</jcr:root>
