<?xml version="1.0" encoding="UTF-8"?>
<jcr:root xmlns:sling="http://sling.apache.org/jcr/sling/1.0" xmlns:cq="http://www.day.com/jcr/cq/1.0" xmlns:jcr="http://www.jcp.org/jcr/1.0"
    cq:lastReplicated="{Date}2013-01-30T20:39:13.922Z"
    cq:lastReplicatedBy="wchoi"
    cq:lastReplicationAction="Activate"
    jcr:mixinTypes="[cq:ReplicationStatus]"
    jcr:primaryType="cq:Tag"
    jcr:title="PCG"
    sling:resourceType="cq/tagging/components/tag">
    <apparel_and_textiles/>
    <electronic_and_electrical_materials/>
    <consulting_services_and_process_technologies/>
    <industrial_biotechnology/>
    <personal_protective_equipment/>
    <safety_and_protection/>
    <orphan/>
    <fabrics_fibers_and_nonwovens/>
    <fabrics_filters_and_nonwovens/>
</jcr:root>
