<?xml version="1.0" encoding="UTF-8"?>
<jcr:root xmlns:sling="http://sling.apache.org/jcr/sling/1.0" xmlns:cq="http://www.day.com/jcr/cq/1.0" xmlns:jcr="http://www.jcp.org/jcr/1.0"
    cq:lastReplicated="{Date}2013-01-30T20:39:29.832Z"
    cq:lastReplicatedBy="wchoi"
    cq:lastReplicationAction="Activate"
    jcr:mixinTypes="[cq:ReplicationStatus]"
    jcr:primaryType="cq:Tag"
    jcr:title="Uses &amp; Applications"
    sling:resourceType="cq/tagging/components/tag">
    <kevlar_td_belts_reinforcement/>
    <adhesive_sealants_coatings/>
    <aerospace_marine_rail/>
    <agriculture_ppe/>
    <arc_protection/>
    <auto_components/>
    <auto_hoses_and_belts/>
    <automotive_hoses/>
    <bio_hazard_protection/>
    <bodyshop/>
    <chemical_protection_ppe/>
    <chemical_protection_for_miltary_and_police/>
    <cleanroom_applications/>
    <composites/>
    <construction_ppe/>
    <decontamination_and_remediation_ppe/>
    <dust/>
    <electrical_insulation/>
    <fiber_optics/>
    <fiber_reinforcement_for_construction/>
    <fire_protection/>
    <fire_resistant_mattress/>
    <firefighter_and_turnout_gear/>
    <food_processing_ppe/>
    <heat_and_insulation_shields/>
    <high_visibility_ppe/>
    <honeycomb_composites/>
    <hot_gas_filtration/>
    <industrial_cleaning_services/>
    <industrial_safety/>
    <kevlar_for_brake_pads_clutches_and_gaskets/>
    <marine/>
    <metalworks/>
    <military_body_armor/>
    <military_helmets/>
    <military_thermal_protection/>
    <nuclear_ppe/>
    <oil_and_gas_ppe/>
    <paint_ppe/>
    <personal_electronics/>
    <petrochemical/>
    <police_duty_and_fire_stationwear_unifroms/>
    <racing_suits/>
    <ropes_cables/>
    <sporting_goods_apparel_accessories/>
    <strength_members_and_mooring_lines_for_oil_and_gas/>
    <tactical_vests_law/>
    <thermal_protection_for_military_and_police/>
    <tires_and_rubber_goods/>
    <vehicle_armor/>
    <utilities_ppe/>
    <ppe_for_explosive_zones/>
    <ppe_for_explosuve_zones/>
</jcr:root>
