<?xml version="1.0" encoding="UTF-8"?>
<jcr:root xmlns:sling="http://sling.apache.org/jcr/sling/1.0" xmlns:cq="http://www.day.com/jcr/cq/1.0" xmlns:jcr="http://www.jcp.org/jcr/1.0"
    jcr:primaryType="cq:Tag"
    jcr:title="Industry"
    sling:resourceType="cq/tagging/components/tag">
    <agriculture/>
    <textiles_and_apparel_manufacturing/>
    <aircraft_and_aerospace/>
    <automotive/>
    <building_and_construction/>
    <chemicals/>
    <consumer_goods/>
    <electrical_equipment/>
    <electronics/>
    <energy/>
    <food_and_beverage/>
    <furniture/>
    <government_and_public_sector/>
    <health_care_and_medical/>
    <hospitality/>
    <industrial_personal_protection/>
    <manufacturing_and_industrial/>
    <marine/>
    <mining/>
    <office_supplies/>
    <packaging_and_printing/>
    <personal_care/>
    <pharmaceuticals/>
    <photovoltaics/>
    <plastics/>
    <rail/>
    <safety_and_protection/>
    <transportation/>
    <utilities/>
    <water_management/>
    <telecommunications/>
</jcr:root>
