<?xml version="1.0" encoding="UTF-8"?>
<jcr:root xmlns:sling="http://sling.apache.org/jcr/sling/1.0" xmlns:cq="http://www.day.com/jcr/cq/1.0" xmlns:jcr="http://www.jcp.org/jcr/1.0"
    jcr:description="automatically created by tagIngestion"
    jcr:primaryType="cq:Tag"
    jcr:title="industry"
    sling:resourceType="cq/tagging/components/tag">
    <agriculture/>
    <automotive/>
    <building_construction/>
    <chemicals/>
    <electronics/>
    <energy/>
    <food_beverage/>
    <government_publicsector/>
    <health_care_medical/>
    <marine/>
    <mining/>
    <packaging_printing/>
    <plastics/>
    <rail/>
    <safety_protection/>
    <hospitality/>
    <manufacturing_industrial/>
    <pulp_and_paper/>
    <transportation/>
    <utilities/>
    <animal_health_nutrition/>
    <consumer_goods/>
    <electrical_equipment/>
    <furniture/>
    <office_supplies/>
    <personal_care/>
    <pharmaceuticals/>
    <telecommunications/>
    <textiles_apparelmanufacturing/>
    <water_management/>
    <industrial_personalprotection/>
    <aircraft_aerospace/>
    <animal_biosecurity/>
    <detergents/>
</jcr:root>
