<?xml version="1.0" encoding="UTF-8"?>
<jcr:root xmlns:sling="http://sling.apache.org/jcr/sling/1.0" xmlns:cq="http://www.day.com/jcr/cq/1.0" xmlns:jcr="http://www.jcp.org/jcr/1.0" xmlns:mix="http://www.jcp.org/jcr/mix/1.0" xmlns:nt="http://www.jcp.org/jcr/nt/1.0"
    jcr:primaryType="cq:Page">
    <jcr:content
        cq:lastModified="{Date}2013-03-04T16:05:18.109Z"
        cq:lastModifiedBy="wchoi"
        cq:lastReplicated="{Date}2013-03-07T23:28:13.134Z"
        cq:lastReplicatedBy="wchoi"
        cq:lastReplicationAction="Activate"
        cq:template="/apps/dupont/phoenix/templates/brand"
        jcr:isCheckedOut="{Boolean}true"
        jcr:mixinTypes="[mix:versionable]"
        jcr:primaryType="cq:PageContent"
        jcr:title="Folder - Image Gallery"
        jcr:uuid="4b6e978b-20a6-4ccf-ba10-a6efe7234cf9"
        sling:resourceType="dupont/phoenix/components/pages/brand"
        contentType="brand"
        hideInNav="true"
        rank="c">
        <featuredb
            jcr:primaryType="nt:unstructured"
            sling:resourceType="dupont/phoenix/components/featuredb">
            <selectedtool
                jcr:primaryType="nt:unstructured"
                sling:resourceType="dupont/phoenix/components/linklistcurated"
                isCurated="true"/>
        </featuredb>
        <hlm-subbrands
            jcr:primaryType="nt:unstructured"
            sling:resourceType="dupont/phoenix/components/hlm"
            contentType="subbrand"/>
        <hlm-usesapplications
            jcr:primaryType="nt:unstructured"
            sling:resourceType="dupont/phoenix/components/hlm"
            contentType="usesapplication"/>
        <featuredc
            jcr:primaryType="nt:unstructured"
            sling:resourceType="dupont/phoenix/components/featuredb">
            <selectedtool
                jcr:primaryType="nt:unstructured"
                sling:resourceType="dupont/phoenix/components/linklistcurated"
                isCurated="true"/>
        </featuredc>
        <hlm-products
            jcr:primaryType="nt:unstructured"
            sling:resourceType="dupont/phoenix/components/hlm"
            contentType="product"
            recommendedContentTypes="product,brand"/>
        <hlm-casestudies
            jcr:primaryType="nt:unstructured"
            sling:resourceType="dupont/phoenix/components/hlm"
            contentType="casestudy"/>
        <hlm-industries
            jcr:primaryType="nt:unstructured"
            sling:resourceType="dupont/phoenix/components/hlm"
            contentType="industry"
            recommendedContentTypes="industry,subindustry"/>
        <viewallcontent jcr:primaryType="nt:unstructured">
            <querybuilder
                jcr:primaryType="nt:unstructured"
                sling:resourceType="dupont/phoenix/components/viewall/querybuilder">
                <left jcr:primaryType="nt:unstructured">
                    <options
                        jcr:primaryType="nt:unstructured"
                        sling:resourceType="dupont/phoenix/components/viewall/predicates/options"/>
                </left>
            </querybuilder>
        </viewallcontent>
        <introbodytext
            jcr:primaryType="nt:unstructured"
            sling:resourceType="dupont/phoenix/components/introbodytext"
            hideInlineCallout="{Boolean}true"/>
        <iconimage
            jcr:lastModified="{Date}2013-03-04T16:05:18.105Z"
            jcr:lastModifiedBy="wchoi"
            jcr:primaryType="nt:unstructured"
            sling:resourceType="foundation/components/image"/>
        <thumbnail
            jcr:lastModified="{Date}2013-03-04T16:05:18.105Z"
            jcr:lastModifiedBy="wchoi"
            jcr:primaryType="nt:unstructured"
            sling:resourceType="foundation/components/image"/>
        <image
            jcr:lastModified="{Date}2013-03-04T16:05:18.105Z"
            jcr:lastModifiedBy="wchoi"
            jcr:primaryType="nt:unstructured"
            imageRotate="0"/>
    </jcr:content>
    <tyvek--dirty-work-winners/>
    <tychem--f-accessories/>
    <tychem--c-accessories/>
    <tyvek--accessories/>
</jcr:root>
