<?xml version="1.0" encoding="UTF-8"?>
<jcr:root xmlns:sling="http://sling.apache.org/jcr/sling/1.0" xmlns:cq="http://www.day.com/jcr/cq/1.0" xmlns:jcr="http://www.jcp.org/jcr/1.0"
    jcr:primaryType="cq:Tag"
    jcr:title="Products"
    sling:resourceType="cq/tagging/components/tag">
    <tyvek_d/>
    <orphan/>
    <arc-guide/>
    <arc-man/>
    <automotive_hoses_with_kevlar_ap/>
    <helmets/>
    <high_performing_fiber_optic_cables_with_kevlar_td/>
    <dupont_trend_td/>
    <industrial_gloves_with_kevlar/>
    <industrial_uses_for_nomex__x0028_paper_based_x0029__energy_solutions/>
    <kevlar_ap/>
    <kevlar_aramid_pulp/>
    <kevlar_belts/>
    <kevlar_comfort_xlt/>
    <kevlar_correctional/>
    <kevlar_cut_technoloy/>
    <kevlar_engineered_elastomer/>
    <kevlar_fibers/>
    <kevlar_km2/>
    <kevlar_pre-preg_hpp/>
    <kevlar_thermal_protection_gloves_and_sleeves/>
    <kevlar_vehicular_armor/>
    <kevlar_xp_hard_armor/>
    <kevlar_xp_h170_helmets/>
    <kevlar_xp_soft_armor/>
    <kevlar_td_acv__x0028_in_vehicle_armor_x0029_/>
    <kevlar_td_as400__x0028_part_of_mtp_technology_x0029_/>
    <kevlar_td_ic600d/>
    <kevlar_td_prepregs/>
    <kevlar_td_prepregs_hpa/>
    <molten_metal_man/>
    <nomex_td_provis/>
    <nomex_td_comfort_for_military_forces/>
    <nomex_td_kd_-_innovative_spunlaced_technology_for_hot_gas_filtration/>
    <nomex_td_ls_for_police/>
    <nomex_td_mtp_for_military_forces/>
    <nomex_td_thermal_protection_for_military_and_police/>
    <nomex_td_thermal_solutions_for_military_forces/>
    <nomex_td_thermal_solutions_for_police/>
    <kevlar_td_km2_td_plus/>
    <nomex_electrical_insulation/>
    <nomex_ems_wear/>
    <nomex_fibers/>
    <nomex_iiia/>
    <nomex_kevlar_firefighter_protection/>
    <nomex_military/>
    <nomex_paper/>
    <nomex_racing_protection/>
    <nomex_stationwear/>
    <nomex_thermal_protection_for_industrial_workers/>
    <nomex_td_thermal_protection_for_fire_fighters/>
    <proshield_coveralls/>
    <proshield_nexgen/>
    <proshield_proper/>
    <proshield_td_10/>
    <proshield_td_30/>
    <proshield_td_fr/>
    <proshield_td_polyclean/>
    <tempro_td/>
    <tychem_tk/>
    <tychem_td_c_accessories/>
    <tychem_td_c_cha5_suits/>
    <tychem_td_c2/>
    <tychem_td_f_accessories/>
    <tychem_td_f2/>
    <tyvek_coveralls/>
    <tyvek_fc/>
    <tyvek_td_accessories/>
    <tyvek_td_classic_plus_cha5/>
    <tyvek_td_classic_xpert_chf5/>
    <tyvek_td_dual/>
    <tyvek_td_industry_ccf5/>
    <tyvek_td_isoclean_td/>
    <tyvek_td_labo_chf7/>
    <tempro_coveralls/>
    <tensylon_td/>
    <thermo-man_td/>
    <tychem/>
    <tychem_br/>
    <tychem_cpf/>
    <tychem_f/>
    <tychem_lv/>
    <tychem_qc/>
    <tychem_reflector/>
    <tychem_responder_csm/>
    <tychem_sl/>
    <tychem_thermopro/>
    <tychem_coveralls/>
    <tychem_fc/>
    <collection_corian_td__bathroom_basins/>
    <corian_td_all_colors/>
    <corian_td_kitchen_sinks/>
    <corian_td_sinks_and_vanity_tops/>
    <corian_td_tub_and_shower_surrounds/>
    <zodiaq_td_all_colors/>
</jcr:root>
