<?xml version="1.0" encoding="UTF-8"?>
<jcr:root xmlns:sling="http://sling.apache.org/jcr/sling/1.0" xmlns:jcr="http://www.jcp.org/jcr/1.0" xmlns:nt="http://www.jcp.org/jcr/nt/1.0" xmlns:rep="internal"
    jcr:mixinTypes="[rep:AccessControllable]"
    jcr:primaryType="nt:unstructured">
    <rep:policy/>
    <crxde
        jcr:description="Develop applications with a web-based IDE"
        jcr:mixinTypes="[rep:AccessControllable,sling:Redirect]"
        jcr:primaryType="nt:unstructured"
        jcr:title="CRXDE Lite"
        sling:resourceType="sling:redirect"
        sling:target="/crx/de/">
        <rep:policy/>
    </crxde>
    <packages/>
    <share/>
    <cluster/>
    <backup/>
    <config/>
</jcr:root>
