<?xml version="1.0" encoding="UTF-8"?>
<jcr:root xmlns:sling="http://sling.apache.org/jcr/sling/1.0" xmlns:cq="http://www.day.com/jcr/cq/1.0" xmlns:jcr="http://www.jcp.org/jcr/1.0" xmlns:mix="http://www.jcp.org/jcr/mix/1.0" xmlns:rep="internal"
    jcr:mixinTypes="[rep:AccessControllable]"
    jcr:primaryType="cq:Page">
    <jcr:content
        cq:lastModified="{Date}2012-09-22T13:46:14.648-04:00"
        cq:lastModifiedBy="admin"
        cq:template="/apps/dupont/templates/contentpage"
        jcr:isCheckedOut="{Boolean}true"
        jcr:mixinTypes="[mix:versionable]"
        jcr:primaryType="cq:PageContent"
        jcr:title="Personal Protective Equipment"
        jcr:uuid="722da768-f3d3-464f-acf9-4202854147c2"
        sling:resourceType="dupont/components/templates/contentpage"/>
    <ppe-pcg-page/>
    <ppe-body-armor/>
    <thermal-protective-apparel/>
    <ppe-press-releases/>
    <chemical-protective-garments-accessories/>
    <controller-environments-apparel-accessories/>
    <cut-protection/>
    <hazmat-protection/>
    <vehicle-armor/>
</jcr:root>
