<?xml version="1.0" encoding="UTF-8"?>
<jcr:root xmlns:sling="http://sling.apache.org/jcr/sling/1.0" xmlns:cq="http://www.day.com/jcr/cq/1.0" xmlns:jcr="http://www.jcp.org/jcr/1.0"
    jcr:primaryType="cq:Tag"
    jcr:title="PCG"
    sling:resourceType="cq/tagging/components/tag">
    <additives_and_modifiers/>
    <animal_nutrition_and_disease_prevention/>
    <apparel_and_textiles/>
    <chemicals_compounds_and_solutions/>
    <composites_interlayers_and_laminates/>
    <construction_materials/>
    <electronic_and_electrical_materials/>
    <fabrics_fibers_and_nonwovens/>
    <consulting_services_and_process_technologies/>
    <crop_protection/>
    <dietary_supplement_ingredients/>
    <display_and_lighting_materials/>
    <food_ingredients/>
    <food_protection/>
    <home_garden_and_car_care/>
    <industrial_biotechnology/>
    <land_and_vegetation_management/>
    <lubricants_oils_and_greases/>
    <membranes_and_films/>
    <packaging_materials_and_solutions/>
    <personal_protective_equipment/>
    <pharmaceuticals_and_personal_care/>
    <pigments_colorants_and_dyes/>
    <plastics_polymers_and_resins/>
    <printing_and_package_printing/>
    <professional_landscaping_products/>
    <seeds/>
    <solar___photovoltaic_materials/>
    <wire_and_cable_materials/>
    <safety_and_protection/>
    <orphan/>
</jcr:root>
