<?xml version="1.0" encoding="UTF-8"?>
<jcr:root xmlns:sling="http://sling.apache.org/jcr/sling/1.0" xmlns:cq="http://www.day.com/jcr/cq/1.0" xmlns:jcr="http://www.jcp.org/jcr/1.0"
    cq:lastReplicated="{Date}2013-01-30T20:39:16.106Z"
    cq:lastReplicatedBy="wchoi"
    cq:lastReplicationAction="Activate"
    jcr:mixinTypes="[cq:ReplicationStatus]"
    jcr:primaryType="cq:Tag"
    jcr:title="Brands"
    sling:resourceType="cq/tagging/components/tag">
    <kevlar_td/>
    <nomex_td/>
    <proshield/>
    <protera/>
    <tempro/>
    <thermo_man/>
    <tychem/>
    <tyvek_protective_apparel/>
    <tyvek_td/>
    <sorona_td/>
    <triton_td/>
    <orphan/>
</jcr:root>
