<?xml version="1.0" encoding="UTF-8"?>
<jcr:root xmlns:sling="http://sling.apache.org/jcr/sling/1.0" xmlns:cq="http://www.day.com/jcr/cq/1.0" xmlns:jcr="http://www.jcp.org/jcr/1.0"
    jcr:primaryType="cq:Tag"
    jcr:title="Crop Protection"
    sling:resourceType="cq/tagging/components/tag">
    <agricultural_mulch_and_plant_coverings/>
    <cash_crop_protection/>
    <cereals_and_corn_protection/>
    <cereals_and_grains_protection/>
    <cereals_protection/>
    <chilli_protection/>
    <citrus_protection/>
    <coffee_protection/>
    <corn_and_soybean_protection/>
    <corn_protection/>
    <cotton_protection/>
    <fallow_weed_control/>
    <fruit/>
    <fruit_and_vegetable_protection/>
    <fruit_and_vine_protection/>
    <fruit_protection/>
    <fruit_vine_and_nut_protection/>
    <fruiting_vegetable_protection/>
    <grape_and_vine_protection/>
    <grape_protection/>
    <leafy_vegetable_protection/>
    <legume_protection/>
    <nut_protection/>
    <oilseed_and_pulse_crop_protection/>
    <oilseed_crop_protection/>
    <other_crop_protection/>
    <out-of-crop_weed_control/>
    <palm_oil_plantation_protection/>
    <peanut_protection/>
    <pome_and_stone_fruit_protection/>
    <pome_fruit_protection/>
    <potato_protection/>
    <pulse_and_legume_protection/>
    <pulse_crop_protection/>
    <rice_protection/>
    <rice_peanut_and_tobacco_protection/>
    <sorghum_protection/>
    <soybean_protection/>
    <stone_fruit_protection/>
    <sugar_beet_protection/>
    <sugar_cane_protection/>
    <sunflower_protection/>
    <tobacco_protection/>
    <tomato_protection/>
    <tropical_fruit_protection/>
    <vegetable_protection/>
    <wheat_protection/>
</jcr:root>
