<?xml version="1.0" encoding="UTF-8"?>
<jcr:root xmlns:sling="http://sling.apache.org/jcr/sling/1.0" xmlns:cq="http://www.day.com/jcr/cq/1.0" xmlns:jcr="http://www.jcp.org/jcr/1.0"
    jcr:description="automatically created by tagIngestion"
    jcr:primaryType="cq:Tag"
    jcr:title="product_service_categorygroup"
    sling:resourceType="cq/tagging/components/tag">
    <additives_modifiers/>
    <animal_nutritiondiseaseprevention/>
    <apparel_textiles/>
    <chemicals_compoundssolutions/>
    <composites_interlayerslaminates/>
    <construction_materials/>
    <consulting_servicesprocesstechnologies/>
    <cookware_bakeware/>
    <cosmetics_personalcare/>
    <crop_protection/>
    <land_vegetation_management/>
    <dietary_supplementingredients/>
    <display_lightingmaterials/>
    <electronic_electricalmaterials/>
    <fabrics_fibers_nonwovens/>
    <food_ingredients/>
    <food_protection_qualityassurance/>
    <fuel_cell_components/>
    <home_garden_car_care/>
    <lubricants_oils_greases/>
    <membranes_films/>
    <packaging_materialssolutions/>
    <paint_coatings_finishes/>
    <personal_protectiveequipment/>
    <pharmaceutical_productsservices/>
    <pigments_colorantsdyes/>
    <plastics_polymersresins/>
    <printing_packageprinting/>
    <professional_landscapingproducts/>
    <professional_pestmanagement/>
    <safety_protection/>
    <seeds/>
    <solar_photovoltaicmaterials/>
    <sporting_goods/>
    <wire_cable_materials/>
    <industrial_biotechnology/>
</jcr:root>
