<?xml version="1.0" encoding="UTF-8"?>
<jcr:root xmlns:sling="http://sling.apache.org/jcr/sling/1.0" xmlns:cq="http://www.day.com/jcr/cq/1.0" xmlns:jcr="http://www.jcp.org/jcr/1.0" xmlns:nt="http://www.jcp.org/jcr/nt/1.0" xmlns:rep="internal"
    jcr:mixinTypes="[cq:Console,rep:AccessControllable]"
    jcr:primaryType="cq:Widget"
    jcr:title="CQ5 WCM"
    sling:redirect="{Boolean}false"
    sling:resourceType="cq/ui/components/widget"
    sling:vanityOrder="{Long}350"
    sling:vanityPath="/siteadmin"
    consoleDescription="Create and manage multiple websites."
    consoleTitle="Websites"
    iconClass="siteadmin"
    jsLibs="[cq.wcm.admin]"
    xtype="siteadmin">
    <rep:policy jcr:primaryType="rep:ACL"/>
    <grid jcr:primaryType="nt:unstructured">
        <assets
            jcr:primaryType="nt:unstructured"
            pageSize="15"
            pageText="Assets {0} - {1} of {2}"
            pathRegex="\\/content\\/dam(/.*)?"
            storeProxySuffix=".assets.json"
            storeReaderFields="[index,title,label,lockedBy,type,width,height,size,inWorkflow,replication,scheduledTasks,numberer,workflows,lastModified,lastModifiedBy,inProgress,ck]">
            <columns jcr:primaryType="cq:WidgetCollection">
                <numberer
                    jcr:primaryType="nt:unstructured"
                    usePredefined="numberer"
                    xtype="gridcolumn"/>
                <thumbnail
                    jcr:primaryType="nt:unstructured"
                    hidden="{Boolean}false"
                    usePredefined="thumbnail"
                    xtype="gridcolumn"/>
                <title
                    jcr:primaryType="nt:unstructured"
                    hidden="{Boolean}true"
                    usePredefined="title"
                    xssProtect="true"
                    xtype="gridcolumn"/>
                <name
                    jcr:primaryType="nt:unstructured"
                    usePredefined="name"
                    xtype="gridcolumn"/>
                <published
                    jcr:primaryType="nt:unstructured"
                    usePredefined="published"
                    xtype="gridcolumn"/>
                <modified
                    jcr:primaryType="nt:unstructured"
                    usePredefined="modified"
                    xtype="gridcolumn"/>
                <status
                    jcr:primaryType="nt:unstructured"
                    usePredefined="status"
                    xtype="gridcolumn"/>
                <workflow
                    jcr:primaryType="nt:unstructured"
                    usePredefined="workflow"
                    xtype="gridcolumn"/>
                <width
                    jcr:primaryType="nt:unstructured"
                    usePredefined="width"
                    xtype="gridcolumn"/>
                <height
                    jcr:primaryType="nt:unstructured"
                    usePredefined="height"
                    xtype="gridcolumn"/>
                <size
                    jcr:primaryType="nt:unstructured"
                    usePredefined="size"
                    xtype="gridcolumn"/>
            </columns>
        </assets>
    </grid>
    <actions
        jcr:mixinTypes="[rep:AccessControllable]"
        jcr:primaryType="nt:unstructured">
        <rep:policy jcr:primaryType="rep:ACL">
            <allow
                jcr:primaryType="rep:GrantACE"
                rep:principalName="dupont-publisher"
                rep:privileges="{Name}[jcr:read]"/>
        </rep:policy>
        <create
            jcr:primaryType="nt:unstructured"
            cls="cq-siteadmin-create"
            context="[toolbar]"
            iconCls="cq-siteadmin-create-icon"
            split="{Boolean}true"
            text="New...">
            <menu jcr:primaryType="nt:unstructured">
                <createPage
                    jcr:mixinTypes="[rep:AccessControllable]"
                    jcr:primaryType="nt:unstructured"
                    cls="cq-siteadmin-create-page"
                    conditions="[CQ.wcm.SiteAdmin.hasTreeSelection]"
                    disabled="{Boolean}true"
                    handler="CQ.wcm.SiteAdmin.createPage"
                    iconCls="cq-siteadmin-create-page-icon"
                    isDefaultAction="{Boolean}true"
                    privileges="[create]"
                    target="CQ.wcm.SiteAdmin.getTargetFromTree"
                    text="New Page...">
                    <rep:policy jcr:primaryType="rep:ACL">
                        <allow
                            jcr:primaryType="rep:GrantACE"
                            rep:principalName="dupont-publisher"
                            rep:privileges="{Name}[jcr:read]"/>
                    </rep:policy>
                </createPage>
                <createSite
                    jcr:mixinTypes="[rep:AccessControllable]"
                    jcr:primaryType="nt:unstructured"
                    cls="cq-siteadmin-create-site"
                    conditions="[CQ.wcm.SiteAdmin.hasTreeSelection]"
                    disabled="{Boolean}true"
                    handler="CQ.wcm.SiteAdmin.createSite"
                    iconCls="cq-siteadmin-create-site-icon"
                    privileges="[create]"
                    target="CQ.wcm.SiteAdmin.getTargetFromTree"
                    text="New Site...">
                    <rep:policy jcr:primaryType="rep:ACL">
                        <deny
                            jcr:primaryType="rep:DenyACE"
                            rep:principalName="dupont-contributor"
                            rep:privileges="{Name}[jcr:read]"/>
                    </rep:policy>
                </createSite>
                <createLiveCopy
                    jcr:mixinTypes="[rep:AccessControllable]"
                    jcr:primaryType="nt:unstructured"
                    cls="cq-siteadmin-create-livecopy"
                    conditions="[CQ.wcm.SiteAdmin.hasTreeSelection]"
                    disabled="{Boolean}true"
                    handler="CQ.wcm.SiteAdmin.createLiveCopy"
                    iconCls="cq-siteadmin-create-livecopy-icon"
                    privileges="[create]"
                    target="CQ.wcm.SiteAdmin.getTargetFromTree"
                    text="New Live Copy...">
                    <rep:policy jcr:primaryType="rep:ACL">
                        <deny
                            jcr:primaryType="rep:DenyACE"
                            rep:principalName="dupont-contributor"
                            rep:privileges="{Name}[jcr:read]"/>
                        <allow
                            jcr:primaryType="rep:GrantACE"
                            rep:principalName="dupont-publisher"
                            rep:privileges="{Name}[jcr:read]"/>
                    </rep:policy>
                </createLiveCopy>
                <separator0
                    jcr:mixinTypes="[rep:AccessControllable]"
                    jcr:primaryType="nt:unstructured"
                    value="-"
                    xtype="separator">
                    <rep:policy jcr:primaryType="rep:ACL">
                        <deny
                            jcr:primaryType="rep:DenyACE"
                            rep:principalName="dupont-contributor"
                            rep:privileges="{Name}[jcr:read]"/>
                    </rep:policy>
                </separator0>
                <createFile
                    jcr:mixinTypes="[rep:AccessControllable]"
                    jcr:primaryType="nt:unstructured"
                    cls="cq-siteadmin-create-file"
                    conditions="[CQ.wcm.SiteAdmin.hasTreeSelection,CQ.wcm.SiteAdmin.canDoFolderOp]"
                    disabled="{Boolean}true"
                    handler="CQ.wcm.SiteAdmin.uploadFiles"
                    iconCls="cq-siteadmin-create-file-icon"
                    privileges="[create]"
                    target="CQ.wcm.SiteAdmin.getTargetFromTree"
                    text="New File...">
                    <rep:policy jcr:primaryType="rep:ACL">
                        <deny
                            jcr:primaryType="rep:DenyACE"
                            rep:principalName="dupont-contributor"
                            rep:privileges="{Name}[jcr:read]"/>
                    </rep:policy>
                </createFile>
                <createFolder
                    jcr:mixinTypes="[rep:AccessControllable]"
                    jcr:primaryType="nt:unstructured"
                    cls="cq-siteadmin-create-folder"
                    conditions="[CQ.wcm.SiteAdmin.hasTreeSelection,CQ.wcm.SiteAdmin.canDoFolderOp]"
                    disabled="{Boolean}true"
                    handler="CQ.wcm.SiteAdmin.createFolder"
                    iconCls="cq-siteadmin-create-folder-icon"
                    privileges="[create]"
                    target="CQ.wcm.SiteAdmin.getTargetFromTree"
                    text="New Folder...">
                    <rep:policy jcr:primaryType="rep:ACL">
                        <deny
                            jcr:primaryType="rep:DenyACE"
                            rep:principalName="dupont-contributor"
                            rep:privileges="{Name}[jcr:read]"/>
                    </rep:policy>
                </createFolder>
            </menu>
        </create>
        <open
            jcr:mixinTypes="[rep:AccessControllable]"
            jcr:primaryType="nt:unstructured"
            cls="cq-siteadmin-open"
            conditions="[CQ.wcm.SiteAdmin.hasListSelection]"
            context="[contextmenu]"
            handler="CQ.wcm.SiteAdmin.openPages"
            iconCls="cq-siteadmin-open-icon"
            isDefaultAction="{Boolean}true"
            privileges="[update]"
            target="CQ.wcm.SiteAdmin.getTargetFromList"
            text="Open">
            <rep:policy jcr:primaryType="rep:ACL">
                <allow
                    jcr:primaryType="rep:GrantACE"
                    rep:principalName="dupont-publisher"
                    rep:privileges="{Name}[jcr:read]"/>
            </rep:policy>
        </open>
        <separator0
            jcr:mixinTypes="[rep:AccessControllable]"
            jcr:primaryType="nt:unstructured"
            value="-"
            xtype="separator">
            <rep:policy jcr:primaryType="rep:ACL">
                <allow
                    jcr:primaryType="rep:GrantACE"
                    rep:principalName="dupont-publisher"
                    rep:privileges="{Name}[jcr:read]"/>
            </rep:policy>
        </separator0>
        <copy
            jcr:mixinTypes="[rep:AccessControllable]"
            jcr:primaryType="nt:unstructured"
            cls="cq-siteadmin-copy"
            conditions="[CQ.wcm.SiteAdmin.hasAnySelection]"
            context="[toolbar,contextmenu]"
            disabled="{Boolean}true"
            handler="CQ.wcm.SiteAdmin.copyPages"
            target="CQ.wcm.SiteAdmin.getAnyTarget"
            text="Copy">
            <rep:policy jcr:primaryType="rep:ACL">
                <allow
                    jcr:primaryType="rep:GrantACE"
                    rep:principalName="dupont-publisher"
                    rep:privileges="{Name}[jcr:read]"/>
            </rep:policy>
        </copy>
        <paste
            jcr:mixinTypes="[rep:AccessControllable]"
            jcr:primaryType="nt:unstructured"
            cls="cq-siteadmin-paste"
            conditions="[CQ.wcm.SiteAdmin.hasTreeSelection,CQ.wcm.SiteAdmin.canPaste]"
            context="[toolbar,contextmenu]"
            disabled="{Boolean}true"
            forceCheck="{Boolean}true"
            handler="CQ.wcm.SiteAdmin.pastePages"
            privileges="[create]"
            target="CQ.wcm.SiteAdmin.getTargetFromTree"
            text="Paste">
            <rep:policy jcr:primaryType="rep:ACL">
                <allow
                    jcr:primaryType="rep:GrantACE"
                    rep:principalName="dupont-publisher"
                    rep:privileges="{Name}[jcr:read]"/>
            </rep:policy>
        </paste>
        <delete
            jcr:mixinTypes="[rep:AccessControllable]"
            jcr:primaryType="nt:unstructured"
            cls="cq-siteadmin-delete"
            conditions="[CQ.wcm.SiteAdmin.hasAnySelection,CQ.wcm.SiteAdmin.notLocked,CQ.wcm.SiteAdmin.canDeleteReplicatedPage]"
            context="[toolbar,contextmenu]"
            disabled="{Boolean}true"
            handler="CQ.wcm.SiteAdmin.deletePage"
            privileges="[delete]"
            target="CQ.wcm.SiteAdmin.getAnyTarget"
            text="Delete">
            <rep:policy jcr:primaryType="rep:ACL">
                <deny
                    jcr:primaryType="rep:DenyACE"
                    rep:principalName="dupont-contributor"
                    rep:privileges="{Name}[jcr:read]"/>
                <allow
                    jcr:primaryType="rep:GrantACE"
                    rep:principalName="dupont-publisher"
                    rep:privileges="{Name}[jcr:read]"/>
                <allow0
                    jcr:primaryType="rep:GrantACE"
                    rep:principalName="dupont-superuser"
                    rep:privileges="{Name}[jcr:read]"/>
            </rep:policy>
        </delete>
        <separator1
            jcr:mixinTypes="[rep:AccessControllable]"
            jcr:primaryType="nt:unstructured"
            context="[toolbar,contextmenu]"
            value="-"
            xtype="separator">
            <rep:policy jcr:primaryType="rep:ACL">
                <allow
                    jcr:primaryType="rep:GrantACE"
                    rep:principalName="dupont-publisher"
                    rep:privileges="{Name}[jcr:read]"/>
            </rep:policy>
        </separator1>
        <move
            jcr:mixinTypes="[rep:AccessControllable]"
            jcr:primaryType="nt:unstructured"
            cls="cq-siteadmin-move"
            conditions="[CQ.wcm.SiteAdmin.hasSingleSelection,CQ.wcm.SiteAdmin.notLocked]"
            context="[toolbar,contextmenu]"
            disabled="{Boolean}true"
            handler="CQ.wcm.SiteAdmin.movePage"
            privileges="[delete]"
            target="CQ.wcm.SiteAdmin.getSingleTarget"
            text="Move...">
            <rep:policy jcr:primaryType="rep:ACL">
                <deny
                    jcr:primaryType="rep:DenyACE"
                    rep:principalName="dupont-contributor"
                    rep:privileges="{Name}[jcr:read]"/>
                <allow
                    jcr:primaryType="rep:GrantACE"
                    rep:principalName="dupont-superuser"
                    rep:privileges="{Name}[jcr:read]"/>
                <deny0
                    jcr:primaryType="rep:DenyACE"
                    rep:principalName="dpt-superuser"
                    rep:privileges="{Name}[jcr:read]"/>
            </rep:policy>
        </move>
        <separator2
            jcr:mixinTypes="[rep:AccessControllable]"
            jcr:primaryType="nt:unstructured"
            context="[toolbar,contextmenu]"
            value="-"
            xtype="separator">
            <rep:policy jcr:primaryType="rep:ACL">
                <deny
                    jcr:primaryType="rep:DenyACE"
                    rep:principalName="dupont-contributor"
                    rep:privileges="{Name}[jcr:read]"/>
            </rep:policy>
        </separator2>
        <activate
            jcr:mixinTypes="[rep:AccessControllable]"
            jcr:primaryType="nt:unstructured"
            cls="cq-siteadmin-activate"
            context="[toolbar]"
            iconCls="cq-siteadmin-activate-icon"
            split="{Boolean}true"
            text="Activate">
            <menu jcr:primaryType="nt:unstructured">
                <activateNow
                    jcr:mixinTypes="[rep:AccessControllable]"
                    jcr:primaryType="nt:unstructured"
                    cls="cq-siteadmin-activate-now"
                    conditions="[CQ.wcm.SiteAdmin.hasAnySelection,CQ.wcm.SiteAdmin.notLocked]"
                    context="[toolbar,contextmenu]"
                    handler="CQ.wcm.SiteAdmin.activatePage"
                    isDefaultAction="{Boolean}true"
                    target="CQ.wcm.SiteAdmin.getAnyTarget"
                    text="Activate"/>
                <activateLater
                    jcr:mixinTypes="[rep:AccessControllable]"
                    jcr:primaryType="nt:unstructured"
                    cls="cq-siteadmin-activate-later"
                    conditions="[CQ.wcm.SiteAdmin.hasAnySelection,CQ.wcm.SiteAdmin.notLocked]"
                    context="[toolbar]"
                    handler="CQ.wcm.SiteAdmin.scheduleForActivation"
                    privileges="[replicate]"
                    target="CQ.wcm.SiteAdmin.getTargetFromList"
                    text="Activate Later..."/>
            </menu>
            <rep:policy jcr:primaryType="rep:ACL">
                <deny
                    jcr:primaryType="rep:DenyACE"
                    rep:principalName="dupont-contributor"
                    rep:privileges="{Name}[jcr:read]"/>
                <allow
                    jcr:primaryType="rep:GrantACE"
                    rep:principalName="dupont-publisher"
                    rep:privileges="{Name}[jcr:read]"/>
                <allow0
                    jcr:primaryType="rep:GrantACE"
                    rep:principalName="dupont-superuser"
                    rep:privileges="{Name}[jcr:read]"/>
            </rep:policy>
        </activate>
        <deactivate
            jcr:mixinTypes="[rep:AccessControllable]"
            jcr:primaryType="nt:unstructured"
            cls="cq-siteadmin-deactivate"
            context="[toolbar]"
            iconCls="cq-siteadmin-deactivate-icon"
            split="{Boolean}true"
            text="Deactivate">
            <menu jcr:primaryType="nt:unstructured">
                <deactivateNow
                    jcr:primaryType="nt:unstructured"
                    cls="cq-siteadmin-deactivate-now"
                    conditions="[CQ.wcm.SiteAdmin.hasAnySelection,CQ.wcm.SiteAdmin.notLocked]"
                    context="[toolbar,contextmenu]"
                    handler="CQ.wcm.SiteAdmin.deactivatePage"
                    isDefaultAction="{Boolean}true"
                    target="CQ.wcm.SiteAdmin.getAnyTarget"
                    text="Deactivate"/>
                <deactivateLater
                    jcr:primaryType="nt:unstructured"
                    cls="cq-siteadmin-deactivate-later"
                    conditions="[CQ.wcm.SiteAdmin.hasAnySelection,CQ.wcm.SiteAdmin.notLocked]"
                    context="[toolbar]"
                    handler="CQ.wcm.SiteAdmin.scheduleForDeactivation"
                    privileges="[replicate]"
                    target="CQ.wcm.SiteAdmin.getTargetFromList"
                    text="Deactivate Later..."/>
            </menu>
            <rep:policy jcr:primaryType="rep:ACL">
                <deny
                    jcr:primaryType="rep:DenyACE"
                    rep:principalName="dupont-contributor"
                    rep:privileges="{Name}[jcr:read]"/>
                <allow
                    jcr:primaryType="rep:GrantACE"
                    rep:principalName="dupont-publisher"
                    rep:privileges="{Name}[jcr:read]"/>
                <allow0
                    jcr:primaryType="rep:GrantACE"
                    rep:principalName="dupont-superuser"
                    rep:privileges="{Name}[jcr:read]"/>
            </rep:policy>
        </deactivate>
        <separator3
            jcr:mixinTypes="[rep:AccessControllable]"
            jcr:primaryType="nt:unstructured"
            context="[toolbar,contextmenu]"
            listInGridContextMenu="{Boolean}true"
            value="-"
            xtype="separator">
            <rep:policy jcr:primaryType="rep:ACL">
                <deny
                    jcr:primaryType="rep:DenyACE"
                    rep:principalName="dupont-contributor"
                    rep:privileges="{Name}[jcr:read]"/>
            </rep:policy>
        </separator3>
        <lock
            jcr:mixinTypes="[rep:AccessControllable]"
            jcr:primaryType="nt:unstructured"
            cls="cq-siteadmin-lock"
            conditions="[CQ.wcm.SiteAdmin.hasListSelection]"
            context="[_contextmenu]"
            disabled="{Boolean}true"
            handler="CQ.wcm.SiteAdmin.lockPage"
            iconCls="cq-siteadmin-lock-icon"
            privileges="[update]"
            target="CQ.wcm.SiteAdmin.getTargetFromList"
            text="Lock">
            <rep:policy jcr:primaryType="rep:ACL">
                <allow
                    jcr:primaryType="rep:GrantACE"
                    rep:principalName="dupont-publisher"
                    rep:privileges="{Name}[jcr:read]"/>
            </rep:policy>
        </lock>
        <unlock
            jcr:primaryType="nt:unstructured"
            cls="cq-siteadmin-unlock"
            conditions="[CQ.wcm.SiteAdmin.hasListSelection]"
            context="[_contextmenu]"
            disabled="{Boolean}true"
            handler="CQ.wcm.SiteAdmin.unlockPage"
            iconCls="cq-siteadmin-unlock-icon"
            privileges="[update]"
            target="CQ.wcm.SiteAdmin.getTargetFromList"
            text="Unlock"/>
        <workflow
            jcr:primaryType="nt:unstructured"
            cls="cq-siteadmin-workflow"
            conditions="[CQ.wcm.SiteAdmin.hasListSelection,CQ.wcm.SiteAdmin.noFolder,CQ.wcm.SiteAdmin.notLocked]"
            context="[toolbar,contextmenu]"
            disabled="{Boolean}true"
            handler="CQ.wcm.SiteAdmin.startWorkflow"
            target="CQ.wcm.SiteAdmin.getTargetFromList"
            text="Workflow..."/>
        <separator5
            jcr:mixinTypes="[rep:AccessControllable]"
            jcr:primaryType="nt:unstructured"
            context="[contextmenu]"
            listInGridContextMenu="{Boolean}true"
            value="-"
            xtype="separator">
            <rep:policy jcr:primaryType="rep:ACL">
                <deny
                    jcr:primaryType="rep:DenyACE"
                    rep:principalName="dupont-contributor"
                    rep:privileges="{Name}[jcr:read]"/>
            </rep:policy>
        </separator5>
        <rollout
            jcr:mixinTypes="[rep:AccessControllable]"
            jcr:primaryType="nt:unstructured"
            cls="cq-siteadmin-rollout"
            conditions="[CQ.wcm.SiteAdmin.isLiveCopySource]"
            context="[contextmenu]"
            handler="CQ.wcm.SiteAdmin.rolloutPage"
            iconCls="cq-siteadmin-properties-icon"
            target="CQ.wcm.SiteAdmin.getTargetFromList"
            text="Roll-out...">
            <rep:policy jcr:primaryType="rep:ACL">
                <deny
                    jcr:primaryType="rep:DenyACE"
                    rep:principalName="dupont-contributor"
                    rep:privileges="{Name}[jcr:read]"/>
                <allow
                    jcr:primaryType="rep:GrantACE"
                    rep:principalName="dupont-superuser"
                    rep:privileges="{Name}[jcr:read]"/>
                <deny0
                    jcr:primaryType="rep:DenyACE"
                    rep:principalName="dpt-superuser"
                    rep:privileges="{Name}[jcr:read]"/>
            </rep:policy>
        </rollout>
        <separator6
            jcr:mixinTypes="[rep:AccessControllable]"
            jcr:primaryType="nt:unstructured"
            context="[contextmenu]"
            listInGridContextMenu="{Boolean}true"
            value="-"
            xtype="separator">
            <rep:policy jcr:primaryType="rep:ACL">
                <allow
                    jcr:primaryType="rep:GrantACE"
                    rep:principalName="dupont-publisher"
                    rep:privileges="{Name}[jcr:read]"/>
            </rep:policy>
        </separator6>
        <properties
            jcr:mixinTypes="[rep:AccessControllable]"
            jcr:primaryType="nt:unstructured"
            cls="cq-siteadmin-properties"
            conditions="[CQ.wcm.SiteAdmin.hasSingleListSelection,CQ.wcm.SiteAdmin.noFolder,CQ.wcm.SiteAdmin.noAsset]"
            context="[contextmenu]"
            handler="CQ.wcm.SiteAdmin.openProperties"
            iconCls="cq-siteadmin-properties-icon"
            privileges="[update]"
            target="CQ.wcm.SiteAdmin.getTargetFromList"
            text="Properties...">
            <rep:policy jcr:primaryType="rep:ACL">
                <allow
                    jcr:primaryType="rep:GrantACE"
                    rep:principalName="dupont-publisher"
                    rep:privileges="{Name}[jcr:read]"/>
            </rep:policy>
        </properties>
        <tools
            jcr:primaryType="nt:unstructured"
            cls="cq-siteadmin-tools"
            context="[toolbar]"
            iconCls="cq-siteadmin-tools-icon"
            text="Tools">
            <menu jcr:primaryType="nt:unstructured">
                <langcopy
                    jcr:primaryType="nt:unstructured"
                    cls="cq-siteadmin-languagecopy"
                    conditions="[CQ.wcm.SiteAdmin.hasTreeSelection]"
                    handler="CQ.wcm.SiteAdmin.openLanguageCopy"
                    iconCls="cq-siteadmin-languagecopy-icon"
                    target="CQ.wcm.SiteAdmin.getTargetFromTree"
                    text="Language Copy..."/>
                <findReplace
                    jcr:primaryType="nt:unstructured"
                    cls="cq-siteadmin-findreplace"
                    conditions="[CQ.wcm.SiteAdmin.hasSingleSelection,CQ.wcm.SiteAdmin.notLocked]"
                    disabled="{Boolean}true"
                    handler="CQ.wcm.SiteAdmin.openFindReplaceDialog"
                    iconCls="cq-siteadmin-findreplace-icon"
                    privileges="[update]"
                    target="CQ.wcm.SiteAdmin.getSingleTarget"
                    text="Find &amp; Replace..."/>
                <restore
                    jcr:primaryType="nt:unstructured"
                    cls="cq-siteadmin-restore"
                    iconCls="cq-siteadmin-restore-icon"
                    text="Restore">
                    <menu jcr:primaryType="nt:unstructured">
                        <version
                            jcr:primaryType="nt:unstructured"
                            cls="cq-siteadmin-restore-version"
                            conditions="[CQ.wcm.SiteAdmin.hasTreeSelection,CQ.wcm.SiteAdmin.notLocked,CQ.wcm.SiteAdmin.noFolder,CQ.wcm.SiteAdmin.noAsset]"
                            handler="CQ.wcm.SiteAdmin.restoreVersion"
                            iconCls="cq-siteadmin-restore-version-icon"
                            target="CQ.wcm.SiteAdmin.getTargetFromTree"
                            text="Restore Version...">
                            <tooltip
                                jcr:primaryType="nt:unstructured"
                                autoHide="{Boolean}true"
                                text="Restore an older version of a page"
                                title="Restore Version"/>
                        </version>
                        <tree
                            jcr:primaryType="nt:unstructured"
                            cls="cq-siteadmin-restore-tree"
                            conditions="[CQ.wcm.SiteAdmin.hasTreeSelection,CQ.wcm.SiteAdmin.notLocked,CQ.wcm.SiteAdmin.noFolder,CQ.wcm.SiteAdmin.noAsset]"
                            handler="CQ.wcm.SiteAdmin.restoreTree"
                            iconCls="cq-siteadmin-restore-tree-icon"
                            target="CQ.wcm.SiteAdmin.getTargetFromTree"
                            text="Restore Tree...">
                            <tooltip
                                jcr:primaryType="nt:unstructured"
                                autoHide="{Boolean}true"
                                text="Restore an older version of a tree"
                                title="Restore Tree"/>
                        </tree>
                    </menu>
                </restore>
                <references
                    jcr:primaryType="nt:unstructured"
                    cls="cq-damadmin-references"
                    conditions="[CQ.wcm.SiteAdmin.noFolder]"
                    disabled="{Boolean}true"
                    handler="CQ.wcm.SiteAdmin.showReferences"
                    iconCls="cq-siteadmin-references-icon"
                    target="CQ.wcm.SiteAdmin.getSingleTarget"
                    text="References..."/>
                <download
                    jcr:primaryType="nt:unstructured"
                    cls="cq-siteadmin-findreplace"
                    conditions="[CQ.wcm.SiteAdmin.isAsset]"
                    disabled="{Boolean}true"
                    handler="CQ.wcm.SiteAdmin.download"
                    iconCls="cq-siteadmin-download-icon"
                    target="CQ.wcm.SiteAdmin.getTargetFromList"
                    text="Download"/>
                <rollout
                    jcr:mixinTypes="[rep:AccessControllable]"
                    jcr:primaryType="nt:unstructured"
                    cls="cq-siteadmin-rollout"
                    conditions="[CQ.wcm.SiteAdmin.isLiveCopySource]"
                    handler="CQ.wcm.SiteAdmin.rolloutPage"
                    iconCls="cq-siteadmin-properties-icon"
                    target="CQ.wcm.SiteAdmin.getAnyTarget"
                    text="Roll-out...">
                    <rep:policy jcr:primaryType="rep:ACL">
                        <deny
                            jcr:primaryType="rep:DenyACE"
                            rep:principalName="dupont-contributor"
                            rep:privileges="{Name}[jcr:read]"/>
                        <allow
                            jcr:primaryType="rep:GrantACE"
                            rep:principalName="dupont-superuser"
                            rep:privileges="{Name}[jcr:read]"/>
                    </rep:policy>
                </rollout>
            </menu>
        </tools>
    </actions>
    <tags jcr:primaryType="nt:unstructured">
        <icon1
            jcr:primaryType="nt:unstructured"
            href="/libs/wcm/core/content/siteadmin.ico"
            rel="shortcut icon"
            tagName="link"
            type="image/vnd.microsoft.icon"/>
        <icon2
            jcr:primaryType="nt:unstructured"
            href="/libs/wcm/core/content/siteadmin.ico"
            rel="icon"
            tagName="link"
            type="image/vnd.microsoft.icon"/>
    </tags>
</jcr:root>
