<?xml version="1.0" encoding="UTF-8"?>
<jcr:root xmlns:sling="http://sling.apache.org/jcr/sling/1.0" xmlns:cq="http://www.day.com/jcr/cq/1.0" xmlns:jcr="http://www.jcp.org/jcr/1.0" xmlns:mix="http://www.jcp.org/jcr/mix/1.0" xmlns:nt="http://www.jcp.org/jcr/nt/1.0"
    jcr:primaryType="cq:Page">
    <jcr:content
        cq:lastModified="{Date}2013-02-26T22:51:20.621Z"
        cq:lastModifiedBy="wchoi"
        cq:lastReplicated="{Date}2013-03-07T23:28:37.368Z"
        cq:lastReplicatedBy="wchoi"
        cq:lastReplicationAction="Activate"
        cq:template="/apps/dupont/phoenix/templates/corporatecontent"
        jcr:isCheckedOut="{Boolean}true"
        jcr:mixinTypes="[mix:versionable]"
        jcr:primaryType="cq:PageContent"
        jcr:title="English (US)"
        jcr:uuid="132b1971-89b4-4246-aede-229bd0d85028"
        sling:resourceType="dupont/phoenix/components/pages/corporatecontent"
        hideInNav="true"
        rank="c"
        redirectTarget="http://www2.dupont.com/corp/en-us/our-company/index.html">
        <iconimage
            jcr:lastModified="{Date}2013-02-26T22:51:20.616Z"
            jcr:lastModifiedBy="wchoi"
            jcr:primaryType="nt:unstructured"
            sling:resourceType="foundation/components/image"
            imageRotate="0"/>
        <thumbnail
            jcr:lastModified="{Date}2013-02-26T22:51:20.616Z"
            jcr:lastModifiedBy="wchoi"
            jcr:primaryType="nt:unstructured"
            sling:resourceType="foundation/components/image"
            imageRotate="0"/>
        <image
            jcr:lastModified="{Date}2013-02-26T22:51:20.616Z"
            jcr:lastModifiedBy="wchoi"
            jcr:primaryType="nt:unstructured"
            imageRotate="0"/>
    </jcr:content>
    <awards-recognition/>
    <history/>
    <leadership/>
    <locations/>
    <outreach/>
    <values/>
    <vision/>
</jcr:root>
