<?xml version="1.0" encoding="UTF-8"?>
<jcr:root xmlns:sling="http://sling.apache.org/jcr/sling/1.0" xmlns:cq="http://www.day.com/jcr/cq/1.0" xmlns:jcr="http://www.jcp.org/jcr/1.0"
    jcr:primaryType="cq:Tag"
    jcr:title="Food &amp; Beverage"
    sling:resourceType="cq/tagging/components/tag">
    <food_and_beverage_food_safety_and_protection/>
    <bakery_and_snacks/>
    <beverages/>
    <confectionery/>
    <culinary/>
    <dairy/>
    <dietary_supplements/>
    <frozen_desserts/>
    <fruit_preparations/>
    <infant_nutrition/>
    <meat_poultry_and_seafood/>
    <nutritional_foods_and_bars/>
    <oils_and_fats/>
    <pediatric_nutrition/>
</jcr:root>
