<?xml version="1.0" encoding="UTF-8"?>
<jcr:root xmlns:sling="http://sling.apache.org/jcr/sling/1.0" xmlns:cq="http://www.day.com/jcr/cq/1.0" xmlns:jcr="http://www.jcp.org/jcr/1.0"
    jcr:primaryType="cq:Tag"
    jcr:title="Construction Materials"
    sling:resourceType="cq/tagging/components/tag">
    <building_envelope_systems/>
    <carpet_and_flooring_products/>
    <energy_management/>
    <fire_extinguishants/>
    <foam_expansion_agents/>
    <safety_glass_interlayers/>
    <sandblasting_materials/>
    <surface_design_materials/>
</jcr:root>
