<?xml version="1.0" encoding="UTF-8"?>
<jcr:root xmlns:sling="http://sling.apache.org/jcr/sling/1.0" xmlns:cq="http://www.day.com/jcr/cq/1.0" xmlns:jcr="http://www.jcp.org/jcr/1.0"
    jcr:description="automatically created by tagIngestion"
    jcr:primaryType="cq:Tag"
    jcr:title="sub-business_unit"
    sling:resourceType="cq/tagging/components/tag">
    <industrial_biosciencesbiofuels/>
    <industrial_biosciencesbiomaterials/>
    <industrial_biosciencesbiomedical/>
    <industrial_biosciencesbiospecialties/>
    <industrial_biosciencesgenencorenzyme/>
    <building_innovationsbuildingenvelopesystems/>
    <building_innovationsconsumerproducts/>
    <building_innovationsgeotextiles/>
    <building_innovationslandscapesolutions/>
    <building_innovationsphase-changematerials/>
    <building_innovationssurfaces/>
    <chemicals_fluoroproductschemicalsolutions/>
    <chemicals_fluoroproductsfluorochemicals/>
    <chemicals_fluoroproductsfluoropolymers/>
    <crop_protection_grains/>
    <crop_protection_landmanagement/>
    <crop_protection_professionalproducts/>
    <crop_protection_specialties/>
    <electronics_communicationsauthentication/>
    <electronics_communicationscircuitspackagingmaterials/>
    <electronics_communicationsdigitalprinting/>
    <electronics_communicationsdisplays/>
    <electronics_communicationsmicrocircuitmaterials/>
    <electronics_communicationspackaginggraphics/>
    <electronics_communicationssemiconductorfabricationmaterials/>
    <nutrition_healthfoodingredients/>
    <nutrition_healthqualicon/>
    <nutrition_healthsolae/>
    <packaging_industrialpolymerspackaging/>
    <packaging_industrialpolymerssafetyglass/>
    <packaging_industrialpolymerstailoredmaterials/>
    <performance_coatingselectricalinsulationsystems/>
    <performance_coatingsindustrialliquidcoatings/>
    <performance_coatingsoem/>
    <performance_coatingspowdercoatings/>
    <performance_coatingsrefinishsystems/>
    <performance_polymersfilaments/>
    <performance_polymersparts/>
    <performance_polymerspolymers/>
    <protection_technologiesauto/>
    <protection_technologiesbarriercleaning/>
    <protection_technologiesenergysolutions/>
    <protection_technologiesgraphicsprotectivepackaging/>
    <protection_technologiesindustrialpersonalprotection/>
    <protection_technologiesmedicalpharmaceuticalpackaging/>
    <protection_technologiesnewbusinessdevelopmentother/>
    <protection_technologiesperformancematerials/>
    <protection_technologiespublicsector/>
    <sustainable_solutionscleantechnologies/>
    <sustainable_solutionssafetyresources/>
    <sustainable_solutionssustainableoperations/>
    <sustainable_solutionstrainingsolutions/>
    <titanium_technologiescoatings/>
    <titanium_technologiespaperlaminate/>
    <titanium_technologiesplastics/>
    <corporate_functionshumanresources/>
    <corporate_functionsinvestorrelations/>
    <corporate_functionsscience/>
    <corporate_functionssustainability/>
    <corporate_functionspublicaffairs/>
    <protection_technologiesenergystorage/>
</jcr:root>
