<?xml version="1.0" encoding="UTF-8"?>
<jcr:root xmlns:sling="http://sling.apache.org/jcr/sling/1.0" xmlns:cq="http://www.day.com/jcr/cq/1.0" xmlns:jcr="http://www.jcp.org/jcr/1.0" xmlns:mix="http://www.jcp.org/jcr/mix/1.0" xmlns:nt="http://www.jcp.org/jcr/nt/1.0"
    jcr:primaryType="cq:Page">
    <jcr:content
        cq:lastModified="{Date}2013-02-19T18:42:51.327Z"
        cq:lastModifiedBy="wchoi"
        cq:lastReplicated="{Date}2013-03-07T23:30:10.939Z"
        cq:lastReplicatedBy="wchoi"
        cq:lastReplicationAction="Activate"
        cq:template="/apps/dupont/phoenix/templates/base"
        jcr:isCheckedOut="{Boolean}true"
        jcr:mixinTypes="[mix:versionable]"
        jcr:primaryType="cq:PageContent"
        jcr:title="Folder - Products"
        jcr:uuid="89e30663-eb96-4713-85c1-d5aaaf4bc6a3"
        sling:resourceType="dupont/phoenix/components/pages/base"
        hideInNav="{Boolean}true"
        rank="c">
        <iconimage
            jcr:lastModified="{Date}2012-12-19T04:45:06.928Z"
            jcr:lastModifiedBy="kchivukula"
            jcr:primaryType="nt:unstructured"
            sling:resourceType="foundation/components/image"
            imageRotate="0"/>
        <thumbnail
            jcr:lastModified="{Date}2012-12-19T04:45:06.928Z"
            jcr:lastModifiedBy="kchivukula"
            jcr:primaryType="nt:unstructured"
            sling:resourceType="foundation/components/image"
            imageRotate="0"/>
        <image
            jcr:lastModified="{Date}2012-12-19T04:45:06.928Z"
            jcr:lastModifiedBy="kchivukula"
            jcr:primaryType="nt:unstructured"
            imageRotate="0"/>
    </jcr:content>
    <high-performing-fibre-optic-cables-with-kevlar/>
    <dupont-kevlar-ap/>
    <dupont-kevlar-engineered-elastomer/>
    <kevlar-aramid-pulp/>
    <kevlar-clean-technology/>
    <dupont-kevlar-phenolic-prepreg-hpp-efficient-ballistic-protection/>
    <kevlar-cut-technology/>
    <kevlar-armor-technology/>
    <dupont-kevlar-thermal-protection/>
    <kevlar-correctional/>
    <dupont-kevlar-impact-control/>
    <dupont-kevlar-phenolic-prepreg-hpa-efficient-ballistic-protection/>
    <kevlar-xp-soft-armor/>
    <dupont-kevlar-xp-h170/>
    <kevlar-as-anti-stab-solutions-multi-threat-protection/>
    <kevlar-km2-plus/>
    <kevlar-acv/>
    <kevlar-fibers/>
</jcr:root>
