<?xml version="1.0" encoding="UTF-8"?>
<jcr:root xmlns:sling="http://sling.apache.org/jcr/sling/1.0" xmlns:cq="http://www.day.com/jcr/cq/1.0" xmlns:jcr="http://www.jcp.org/jcr/1.0" xmlns:mix="http://www.jcp.org/jcr/mix/1.0" xmlns:nt="http://www.jcp.org/jcr/nt/1.0"
    jcr:primaryType="cq:Page">
    <jcr:content
        cq:lastModified="{Date}2012-10-09T09:27:25.093-04:00"
        cq:lastModifiedBy="admin"
        cq:template="/apps/dupont/templates/contentpage"
        jcr:isCheckedOut="{Boolean}true"
        jcr:mixinTypes="[mix:versionable]"
        jcr:primaryType="cq:PageContent"
        jcr:title="Articles"
        jcr:uuid="8ba85f62-c379-4f1c-9edd-e948cc3938f2"
        sling:resourceType="dupont/components/templates/contentpage">
        <par
            jcr:primaryType="nt:unstructured"
            sling:resourceType="foundation/components/parsys">
            <bloc_text
                jcr:created="{Date}2012-10-08T21:45:27.732-04:00"
                jcr:createdBy="admin"
                jcr:lastModified="{Date}2012-10-08T21:45:32.322-04:00"
                jcr:lastModifiedBy="admin"
                jcr:primaryType="nt:unstructured"
                sling:resourceType="dupont/components/bloc-text"
                text="&lt;p>test&lt;/p>&#xa;&lt;p>&lt;/p>&#xa;"
                textIsRich="true"/>
        </par>
    </jcr:content>
    <corian-riba-approved-cpd-seminars/>
    <corian-ideas-for-your-next-design/>
    <healthcare-interior-design/>
    <sustainable-design-just-got-easier/>
    <corian-new-article/>
    <test/>
</jcr:root>
