<?xml version="1.0" encoding="UTF-8"?>
<jcr:root xmlns:sling="http://sling.apache.org/jcr/sling/1.0" xmlns:cq="http://www.day.com/jcr/cq/1.0" xmlns:jcr="http://www.jcp.org/jcr/1.0" xmlns:nt="http://www.jcp.org/jcr/nt/1.0" xmlns:rep="internal"
    jcr:mixinTypes="[cq:Console,rep:AccessControllable]"
    jcr:primaryType="cq:Widget"
    jcr:title="CQ5 Security"
    sling:redirect="{Boolean}true"
    sling:resourceType="cq/ui/components/widget"
    sling:vanityOrder="{Long}240"
    sling:vanityPath="/useradmin"
    consoleDescription="Manage your users and groups."
    consoleTitle="Users"
    iconClass="useradmin"
    jsLibs="[cq.security]"
    xtype="useradmin">
    <authlist jcr:primaryType="nt:unstructured">
        <actions jcr:primaryType="nt:unstructured">
            <edit
                jcr:primaryType="nt:unstructured"
                cls="cq-useradmin-editauth"
                text="Edit">
                <menu jcr:primaryType="nt:unstructured">
                    <edit
                        jcr:primaryType="nt:unstructured"
                        cls="cq-useradmin-editauth-create"
                        ctx="{Boolean}true"
                        text="Create">
                        <menu jcr:primaryType="nt:unstructured">
                            <createUser
                                jcr:primaryType="nt:unstructured"
                                cls="cq-useradmin-editauth-create-user"
                                handler="CQ.security.UserAdmin.createUser"
                                text="Create User">
                                <tooltip
                                    jcr:primaryType="nt:unstructured"
                                    autoHide="{Boolean}true"
                                    text="Create a new user"
                                    title="Create User"/>
                            </createUser>
                            <createGroup
                                jcr:primaryType="nt:unstructured"
                                cls="cq-useradmin-editauth-create-group"
                                handler="CQ.security.UserAdmin.createGroup"
                                text="Create Group">
                                <tooltip
                                    jcr:primaryType="nt:unstructured"
                                    autoHide="{Boolean}true"
                                    text="Create a new group"
                                    title="Create Group"/>
                            </createGroup>
                        </menu>
                    </edit>
                    <delete
                        jcr:primaryType="nt:unstructured"
                        cls="cq-useradmin-editauth-delete"
                        ctx="{Boolean}true"
                        disabled="{Boolean}true"
                        handler="this.removeHandler"
                        privileges="[replicate]"
                        text="Delete">
                        <tooltip
                            jcr:primaryType="nt:unstructured"
                            autoHide="{Boolean}true"
                            text="Deletes selected users or groups"
                            title="Delete User/Group"/>
                    </delete>
                    <separator
                        jcr:primaryType="nt:unstructured"
                        ctx="{Boolean}true"
                        value="-"
                        xtype="separator"/>
                    <activate
                        jcr:primaryType="nt:unstructured"
                        ctx="{Boolean}true"
                        disabled="{Boolean}true"
                        handler="this.activationHandler"
                        privileges="[replicate]"
                        text="Activate">
                        <tooltip
                            jcr:primaryType="nt:unstructured"
                            autoHide="{Boolean}true"
                            text="Activates selected users or groups"
                            title="Activate"/>
                    </activate>
                    <deactivate
                        jcr:primaryType="nt:unstructured"
                        ctx="{Boolean}true"
                        disabled="{Boolean}true"
                        handler="this.deactivationHandler"
                        privileges="[replicate]"
                        text="Deactivate">
                        <tooltip
                            jcr:primaryType="nt:unstructured"
                            autoHide="{Boolean}true"
                            text="Deactivates selected users or groups"
                            title="Deactivate"/>
                    </deactivate>
                </menu>
            </edit>
        </actions>
    </authlist>
    <tags jcr:primaryType="nt:unstructured">
        <icon1
            jcr:primaryType="nt:unstructured"
            href="/libs/cq/security/content/admin.ico"
            rel="shortcut icon"
            tagName="link"
            type="image/vnd.microsoft.icon"/>
        <icon2
            jcr:primaryType="nt:unstructured"
            href="/libs/cq/security/content/admin.ico"
            rel="icon"
            tagName="link"
            type="image/vnd.microsoft.icon"/>
    </tags>
    <rep:policy jcr:primaryType="rep:ACL">
        <deny
            jcr:primaryType="rep:DenyACE"
            rep:principalName="dupont-contributor"
            rep:privileges="{Name}[jcr:read]"/>
        <allow
            jcr:primaryType="rep:GrantACE"
            rep:principalName="dupont-superuser"
            rep:privileges="{Name}[jcr:read]"/>
    </rep:policy>
</jcr:root>
