<?xml version="1.0" encoding="UTF-8"?>
<jcr:root xmlns:sling="http://sling.apache.org/jcr/sling/1.0" xmlns:cq="http://www.day.com/jcr/cq/1.0" xmlns:jcr="http://www.jcp.org/jcr/1.0"
    jcr:description="automatically created by tagIngestion"
    jcr:primaryType="cq:Tag"
    jcr:title="business_unit"
    sling:resourceType="cq/tagging/components/tag">
    <industrial_biosciences/>
    <building_innovations/>
    <chemicals_fluoroproducts/>
    <crop_protection/>
    <electronics_communications/>
    <nutrition_health/>
    <packaging_industrialpolymers/>
    <performance_coatings/>
    <performance_polymers/>
    <photovoltaic_solutions/>
    <pioneer/>
    <protection_technologies/>
    <sustainable_solutions/>
    <titanium_technologies/>
    <corporate_functions/>
</jcr:root>
