<?xml version="1.0" encoding="UTF-8"?>
<jcr:root xmlns:sling="http://sling.apache.org/jcr/sling/1.0" xmlns:cq="http://www.day.com/jcr/cq/1.0" xmlns:jcr="http://www.jcp.org/jcr/1.0" xmlns:mix="http://www.jcp.org/jcr/mix/1.0"
    jcr:primaryType="cq:Page">
    <jcr:content
        cq:lastModified="{Date}2012-10-08T20:11:18.237-04:00"
        cq:lastModifiedBy="admin"
        cq:template="/apps/dupont/templates/contentpage"
        jcr:isCheckedOut="{Boolean}true"
        jcr:mixinTypes="[mix:versionable]"
        jcr:primaryType="cq:PageContent"
        jcr:title="DuPont - Business View"
        jcr:uuid="4472f4ee-2d86-4c29-a5ee-78257d53ae35"
        sling:resourceType="dupont/components/templates/contentpage"/>
    <home-page/>
    <our-company/>
    <news-events/>
    <investor-relations/>
    <careers/>
    <inclusive-innovation/>
    <safety-protection/>
    <automotive/>
    <building-construction/>
    <fibers-fabrices-and-nonwovens/>
    <personal-protective-equipment/>
    <consulting-services-process-technologies/>
    <cons-materials/>
</jcr:root>
