<?xml version="1.0" encoding="UTF-8"?>
<jcr:root xmlns:sling="http://sling.apache.org/jcr/sling/1.0" xmlns:cq="http://www.day.com/jcr/cq/1.0" xmlns:jcr="http://www.jcp.org/jcr/1.0"
    jcr:primaryType="cq:Tag"
    jcr:title="Orphan"
    sling:resourceType="cq/tagging/components/tag">
    <nomex_comfort/>
    <nomex_iiia/>
    <nomex_ls/>
    <nomex_mtp/>
    <nomex_provis/>
    <kevlar_armor_technology/>
    <kevlar_clean_technology/>
    <kevlar_stretch_armor_technology/>
    <_x0038_57_sink/>
    <_x0039_67_sink/>
    <_x0039_70_sink/>
</jcr:root>
