<?xml version="1.0" encoding="UTF-8"?>
<jcr:root xmlns:sling="http://sling.apache.org/jcr/sling/1.0" xmlns:cq="http://www.day.com/jcr/cq/1.0" xmlns:jcr="http://www.jcp.org/jcr/1.0"
    jcr:primaryType="cq:Tag"
    sling:resourceType="cq/tagging/components/tag">
    <industry/>
    <sub-industry/>
    <business_unit/>
    <sub-business_unit/>
    <audience/>
    <sustainability/>
    <megatrend/>
    <campaign/>
    <country/>
    <language/>
    <usage/>
    <save/>
    <share/>
    <access/>
    <product_service_categorygroup/>
    <product_service_category/>
    <application/>
    <brand/>
    <megatrend_story/>
    <priority/>
    <product_detail/>
    <solution/>
    <sub-brand/>
    <sub-products/>
    <corporate_landing/>
    <uses_and_apllications/>
</jcr:root>
