<?xml version="1.0" encoding="UTF-8"?>
<jcr:root xmlns:sling="http://sling.apache.org/jcr/sling/1.0" xmlns:cq="http://www.day.com/jcr/cq/1.0" xmlns:jcr="http://www.jcp.org/jcr/1.0"
    jcr:description="automatically created by tagIngestion"
    jcr:primaryType="cq:Tag"
    jcr:title="sub-industry"
    sling:resourceType="cq/tagging/components/tag">
    <automotive_aftermarket/>
    <automotive_body_exterior/>
    <automotive_chassis/>
    <automotive_electricalelectronics/>
    <automotive_fuel_fuelsystems/>
    <automotive_hybridelectricvehicles/>
    <automotive_powertrainenginesystemcomponents/>
    <automotive_safetysystemsinterior/>
    <automotive_thermalmanagementhvac/>
    <automotive_transmissiondriveline/>
    <building_constructioncommercialconstruction/>
    <building_constructionresidentialconstruction/>
    <electronics_consumerelectronics/>
    <electronics_electronicdisplaymaterials/>
    <energy_biofuels/>
    <energy_electricitygenerationdistribution/>
    <energy_energy_storage/>
    <energy_oil_gas/>
    <energy_solar_cellsphotovoltaics/>
    <food_beverage_bakerysnacks/>
    <food_beverage_beverages/>
    <food_beverage_confectionery/>
    <food_beverage_culinary/>
    <food_beverage_dairy/>
    <food_beverage_dietarysupplements/>
    <food_beverage_frozendesserts/>
    <food_beverage_fruitpreparations/>
    <food_beverage_infantnutrition/>
    <food_beverage_meatpoultryseafood/>
    <food_beverage_nutritionalfoodsbars/>
    <food_beverage_oilsfats/>
    <food_beverage_foodsafetyprotection/>
    <health_care_medicalmedicalpackaging/>
    <packaging_printingconsumergoodspackaging/>
    <packaging_printingfoodbeveragepackaging/>
    <packaging_printingindustrialgoodspackaging/>
    <packaging_printingmedicalpackaging/>
    <packaging_printingprintinggraphics/>
    <plastics_bio-basedpolymers/>
    <plastics_elastomers/>
    <plastics_engineeringpolymers/>
    <plastics_parts_shapes/>
    <safety_protectionfirefighterprotection/>
    <safety_protectionindustrialpersonalprotection/>
    <safety_protectionlawenforcementprotection/>
    <safety_protectionmilitaryprotection/>
    <safety_protectionworkplaceworkersafety/>
    <chemicals_fluorochemicals/>
    <food_beverage_pediatricnutrition/>
    <chemicals_specialtychemicals/>
    <agriculture_cropproduction/>
    <agriculture_forestry/>
    <agriculture_livestockpoultry/>
    <agriculture_pasturerangeland/>
    <automotive_automotiveglass/>
    <automotive_mechanicalsystems/>
    <building_constructionfiresuppression/>
    <building_constructionindustrialconstruction/>
    <building_constructionpowertools/>
    <building_constructionroadsbridgestunnelspublicinfastructure/>
    <chemicals_cleaningdisinfectants/>
    <chemicals_fire_extinguishants/>
    <chemicals_foam_expansionagents/>
    <chemicals_petrochemicals/>
    <chemicals_pool_care/>
    <consumer_goods_countertops/>
    <consumer_goods_paint/>
    <consumer_goods_sportsrecreation/>
    <consumer_goods_stonetilecare/>
    <electrical_equipmentappliances/>
    <electrical_equipmentelectriclighting/>
    <electrical_equipmentindustrialelectricalequipment/>
    <electrical_equipmentpowertools/>
    <electronics_officeequipment/>
    <electronics_semiconductorfabricationpackagingmaterials/>
    <energy_fuel_cells/>
    <energy_natural_gasdistribution/>
    <energy_wind_energy/>
    <furniture_householdfurniture/>
    <furniture_officefurniture/>
    <government_publicsectorcorrectionalfacilities/>
    <government_publicsectordefense/>
    <government_publicsectoremergencyservices/>
    <government_publicsectormilitaryconstruction/>
    <government_publicsectormilitaryvehicles/>
    <government_publicsectorroadsbridgestunnelspublicinfrastructure/>
    <government_publicsectorwastemanagementremediation/>
    <government_publicsectorwatertreatment/>
    <health_care_medicalhealthcarefacilities/>
    <health_care_medicalmedicaldevices/>
    <manufacturing_industrialchemicalprocessing/>
    <manufacturing_industrialcleaningfluids/>
    <manufacturing_industriallubrication/>
    <manufacturing_industrialmaterialhandlingequipment/>
    <marine_marine_paint/>
    <mining_coal_mining/>
    <mining_metal_oremining/>
    <office_supplies_officeequipment/>
    <packaging_and_printingcosmeticspackaging/>
    <personal_care_cosmetics/>
    <personal_care_haircare/>
    <pharmaceuticals_processingequipment/>
    <pharmaceuticals_propellants/>
    <plastics_fluoropolymers/>
    <plastics_polymermidifiers/>
    <telecommunicationsconsumerelectronics/>
    <telecommunicationselectronicanddisplaymaterials/>
    <telecommunicationswireandcable/>
    <transportation_buses/>
    <transportation_commercialtransportshipping/>
    <transportation_constructionvehicles/>
    <transportation_farmvehicles/>
    <transportation_militaryvehicles/>
    <transportation_motorcycles/>
    <transportation_publictransportation/>
    <transportation_recreationandsportsvehicles/>
    <transportation_trucks/>
    <utilities_electricitygenerationdistribution/>
    <utilities_naturalgasdistribution/>
    <utilities_waste_managementandremediation/>
    <utilities_water_treatment/>
    <water_managementcleanwatertechnologies/>
    <water_managementwatertreatment/>
    <gps_military_protection/>
    <gps_oil_and_gas/>
    <aircraft_aerospaceaircraftinteriors/>
    <aircraft_aerospaceairframesystems/>
    <aircraft_aerospaceelectronicsaviationsystems/>
    <aircraft_aerospacegroundairsupport/>
    <aircraft_aerospacesatellites/>
    <aircraft_aerospaceturbineenginecomponents/>
</jcr:root>
