<?xml version="1.0" encoding="UTF-8"?>
<jcr:root xmlns:sling="http://sling.apache.org/jcr/sling/1.0" xmlns:cq="http://www.day.com/jcr/cq/1.0" xmlns:jcr="http://www.jcp.org/jcr/1.0"
    jcr:primaryType="cq:Tag"
    jcr:title="Food Ingredients"
    sling:resourceType="cq/tagging/components/tag">
    <alginate/>
    <antioxidants/>
    <carrageenan/>
    <cellulose_gum/>
    <colors/>
    <cultures/>
    <dietary_fibers/>
    <emulsifiers/>
    <food_enzymes/>
    <guar_gum/>
    <locust_bean_gum/>
    <medium-chain_triglycerides/>
    <microcrystalline_cellulose/>
    <pectin/>
    <rare_sugars/>
    <soy_protein/>
    <xanthan/>
</jcr:root>
