<?xml version="1.0" encoding="UTF-8"?>
<jcr:root xmlns:sling="http://sling.apache.org/jcr/sling/1.0" xmlns:cq="http://www.day.com/jcr/cq/1.0" xmlns:jcr="http://www.jcp.org/jcr/1.0"
    jcr:primaryType="cq:Tag"
    jcr:title="Plastics, Polymers &amp; Resins"
    sling:resourceType="cq/tagging/components/tag">
    <elastomers/>
    <ethylene_copolymers/>
    <filaments/>
    <fluoropolymers/>
    <parts_and_shapes/>
    <photoresist_polymers/>
    <photovoltaic_encapsulant_resins/>
    <polymer_adhesives/>
    <thermoplastics/>
</jcr:root>
