<?xml version="1.0" encoding="UTF-8"?>
<jcr:root xmlns:sling="http://sling.apache.org/jcr/sling/1.0" xmlns:cq="http://www.day.com/jcr/cq/1.0" xmlns:jcr="http://www.jcp.org/jcr/1.0" xmlns:mix="http://www.jcp.org/jcr/mix/1.0" xmlns:nt="http://www.jcp.org/jcr/nt/1.0"
    jcr:primaryType="cq:Page">
    <jcr:content
        cq:lastModified="{Date}2013-03-02T08:43:43.749Z"
        cq:lastModifiedBy="ibilolikar"
        cq:lastReplicated="{Date}2013-03-01T21:37:32.423Z"
        cq:lastReplicatedBy="wchoi"
        cq:lastReplicationAction="Deactivate"
        cq:tags="[DuPont:industry/government_and_public_sector,DuPont:industry/safety_and_protection,DuPont:business_unit/protection_technologies,DuPont:business_unit/protection_technologies/protection_technologies_public_sector,DuPont:megatrend/protection,DuPont:usage/default]"
        cq:template="/apps/dupont/phoenix/templates/subindustry"
        jcr:isCheckedOut="{Boolean}true"
        jcr:mixinTypes="[mix:versionable]"
        jcr:primaryType="cq:PageContent"
        jcr:title="Firefighter Protection"
        jcr:uuid="e8b40577-d60f-4fec-9f4a-68c85867dfd9"
        sling:resourceType="dupont/phoenix/components/pages/subindustry"
        authorInfo="admin"
        contentType="subindustry"
        heroColor="61564e"
        pageTag="[DuPont:industry/safety_and_protection/safety_and_protection_firefighter_protection]"
        rank="c">
        <thumbnail
            jcr:lastModified="{Date}2013-03-02T08:43:43.744Z"
            jcr:lastModifiedBy="ibilolikar"
            jcr:primaryType="nt:unstructured"
            jcr:title="Firefighter Protection"
            sling:resourceType="foundation/components/image"
            alt="Firefighter Protection"
            fileReference="/content/dam/assets/industries/images/DPT_Photo_Firefighter_Protection_thumbnail_630x315.jpg"
            imageRotate="0"/>
        <contextualfooter jcr:primaryType="nt:unstructured">
            <helpfullinks
                jcr:primaryType="nt:unstructured"
                sling:resourceType="dupont/phoenix/components/helpfullinks"
                helpfullinks="[{&quot;linkURL&quot;:&quot;/content/dupont-internal-view/products-and-services/personal-protective-equipment/en_us/articles/where-to-buy&quot;\,&quot;linkText&quot;:&quot;Where to Buy&quot;\,&quot;openInNewWindow&quot;:false},{&quot;linkURL&quot;:&quot;/content/dupont-internal-view/products-and-services/fabrics-fibers-nonwovens/en_us/fibers/articles/nomex-customer-service&quot;\,&quot;linkText&quot;:&quot;Nomex® Customer Service&quot;\,&quot;openInNewWindow&quot;:false},{&quot;linkURL&quot;:&quot;/content/dupont-internal-view/products-and-services/personal-protective-equipment/en_us/faqs/news&quot;\,&quot;linkText&quot;:&quot;News&quot;\,&quot;openInNewWindow&quot;:false}]"/>
        </contextualfooter>
        <heronormal
            jcr:lastModified="{Date}2013-01-30T07:51:44.367Z"
            jcr:lastModifiedBy="djamdar"
            jcr:primaryType="nt:unstructured"
            jcr:title="DuPont answers the call for reliable firefighter protection with Nomex® and Kevl"
            sling:resourceType="dupont/phoenix/components/hero/heronormal"
            alt="DuPont answers the call for reliable firefighter protection with Nomex® and Kevl"
            fileReference="/content/dam/assets/industries/images/DPT_Photo_Firefighter_Protection_header_1100x290.jpg"
            height="290"
            title=""/>
        <viewallcontent jcr:primaryType="nt:unstructured">
            <querybuilder
                jcr:primaryType="nt:unstructured"
                sling:resourceType="dupont/phoenix/components/viewall/querybuilder">
                <left jcr:primaryType="nt:unstructured">
                    <options
                        jcr:primaryType="nt:unstructured"
                        sling:resourceType="dupont/phoenix/components/viewall/predicates/options"/>
                </left>
            </querybuilder>
        </viewallcontent>
        <hlm-brands
            jcr:lastModified="{Date}2013-01-22T12:21:49.444Z"
            jcr:lastModifiedBy="atulraj"
            jcr:primaryType="nt:unstructured"
            sling:resourceType="dupont/phoenix/components/hlm"
            contentType="productcat"
            selectedTool="dupont/phoenix/components/touttool">
            <selectedtool
                jcr:lastModified="{Date}2013-01-25T05:19:54.920Z"
                jcr:lastModifiedBy="ibilolikar"
                jcr:primaryType="nt:unstructured"
                sling:resourceType="dupont/phoenix/components/touttool"
                linkURLTout="http://www2.dupont.com/NOWApp/DPPRequestGateway/sales/dl/?command=VCDealerByProduct"
                titleTout="where to buy">
                <image
                    jcr:lastModified="{Date}2013-01-25T05:19:54.920Z"
                    jcr:lastModifiedBy="ibilolikar"
                    jcr:primaryType="nt:unstructured"
                    sling:resourceType="foundation/components/image"
                    imageRotate="0"/>
            </selectedtool>
        </hlm-brands>
        <hlm-productdetail
            jcr:lastModified="{Date}2013-01-22T12:22:07.799Z"
            jcr:lastModifiedBy="atulraj"
            jcr:primaryType="nt:unstructured"
            sling:resourceType="dupont/phoenix/components/hlm"
            contentType="brand"
            selectedTool="dupont/phoenix/components/touttool">
            <selectedtool
                jcr:lastModified="{Date}2013-01-25T05:22:04.329Z"
                jcr:lastModifiedBy="ibilolikar"
                jcr:primaryType="nt:unstructured"
                sling:resourceType="dupont/phoenix/components/touttool"
                linkURLTout="http://www2.dupont.com/personal-protection/en-us/dpt/overview/customer-service-directory.html"
                titleTout="Contact Our Customer Service">
                <image
                    jcr:lastModified="{Date}2013-01-25T05:22:04.329Z"
                    jcr:lastModifiedBy="ibilolikar"
                    jcr:primaryType="nt:unstructured"
                    sling:resourceType="foundation/components/image"
                    imageRotate="0"/>
            </selectedtool>
        </hlm-productdetail>
        <hlm-casestudies
            jcr:lastModified="{Date}2013-01-22T12:23:29.788Z"
            jcr:lastModifiedBy="atulraj"
            jcr:primaryType="nt:unstructured"
            sling:resourceType="dupont/phoenix/components/hlm"
            contentType="usesapplication"
            showHideRowCallout="true"/>
        <hlm-articles
            jcr:lastModified="{Date}2013-01-22T12:22:36.995Z"
            jcr:lastModifiedBy="atulraj"
            jcr:primaryType="nt:unstructured"
            sling:resourceType="dupont/phoenix/components/hlm"
            contentType="casestudy"
            showHideRowCallout="true"/>
        <hlm-event
            jcr:lastModified="{Date}2013-01-22T12:23:07.982Z"
            jcr:lastModifiedBy="atulraj"
            jcr:primaryType="nt:unstructured"
            sling:resourceType="dupont/phoenix/components/hlm"
            contentType="article"
            showHideRowCallout="true"/>
        <hlm-usesapplications
            jcr:lastModified="{Date}2013-01-22T12:23:44.378Z"
            jcr:lastModifiedBy="atulraj"
            jcr:primaryType="nt:unstructured"
            sling:resourceType="dupont/phoenix/components/hlm"
            contentType="subbrand"
            showHideRowCallout="true"/>
        <hlm-subbrands
            jcr:lastModified="{Date}2013-01-22T12:23:44.378Z"
            jcr:lastModifiedBy="atulraj"
            jcr:primaryType="nt:unstructured"
            sling:resourceType="dupont/phoenix/components/hlm"
            contentType="subbrand"
            showHide="true"
            showHideRowCallout="true"/>
        <contactus
            jcr:primaryType="nt:unstructured"
            sling:resourceType="dupont/phoenix/components/contactus"
            contactPageURL="http://www2.dupont.com/Nomex/en_US/contact.html"/>
        <introbodytext
            jcr:primaryType="nt:unstructured"
            sling:resourceType="dupont/phoenix/components/introbodytext"
            hideInlineCallout="{Boolean}true"
            introBodyText="&lt;p>Fires are unpredictable and can spread quickly. And when it comes to fighting them, every second counts. So for those who rush to our aid without the slightest hesitation, there’s the firefighter protection — like turnout gear, stationwear and protective accessories — made with DuPont™ Nomex® fiber and Kevlar® fiber that DuPont is known for.&lt;/p> &lt;p>For over 40 years, we’ve helped protect firefighters and other first responders with Nomex® and Kevlar® brand fibers. Together, these innovative fibers have become some of the most trusted materials for thermal protective gear. In fact, up to 70% of turnout gear's thermal protection comes from the inner components made of DuPont™ Nomex® and Kevlar®  fiber.&lt;/p> &lt;p>Because firefighters risk their lives to save others, we make it our mission to understand their safety needs. We respect their community and work hard every day to provide materials, develop next-generation materials, foster innovation, and forge new research relationships to help them shape the future of fire safety. Most of all, we work to help ensure that firefighters — and their families — feel secure against the hazards they face on the job.&lt;/p>"
            leadInLines="When you have mere seconds to make decisions in a hazardous environment, you don’t have time to second-guess your safety equipment and apparel. DuPont works with industry to help them answer the call with reliable firefighter protection solutions."
            pageTitle="Watching Over Our Bravest With Firefighter Protection"/>
        <featuredb
            jcr:lastModified="{Date}2013-01-25T05:16:50.859Z"
            jcr:lastModifiedBy="ibilolikar"
            jcr:primaryType="nt:unstructured"
            sling:resourceType="dupont/phoenix/components/featuredb"
            selectedTool="dupont/phoenix/components/productfindercallout"
            selectetPagePaths="[/content/dupont-internal-view/products-and-services/personal-protective-equipment/en_us/thermal-protective/videos/video-nomex,/content/dupont-internal-view/products-and-services/personal-protective-equipment/en_us/thermal-protective/articles/protecting-those-who-protect-us]">
            <selectedtool
                jcr:lastModified="{Date}2013-01-25T05:19:20.620Z"
                jcr:lastModifiedBy="ibilolikar"
                jcr:primaryType="nt:unstructured"
                sling:resourceType="dupont/phoenix/components/productfindercallout"
                linkURL="http://duponttools.force.com/ppf?lang=en_US&amp;country=USA&amp;level0=Industries&amp;level1=Safety+%26+Protection"
                title="safety &amp; protection"/>
        </featuredb>
        <featuredcallout
            jcr:lastModified="{Date}2013-01-25T06:23:02.558Z"
            jcr:lastModifiedBy="djamdar"
            jcr:primaryType="nt:unstructured"
            sling:resourceType="dupont/phoenix/components/featuredcallout"
            selectedTool="dupont/phoenix/components/featureda">
            <selectedtool
                jcr:lastModified="{Date}2013-01-25T06:24:32.478Z"
                jcr:lastModifiedBy="djamdar"
                jcr:primaryType="nt:unstructured"
                sling:resourceType="dupont/phoenix/components/featureda"
                selectedContent="/content/dupont-internal-view/products-and-services/personal-protective-equipment/en_us/thermal-protective/videos/thermo-man-demonstration">
                <video jcr:primaryType="nt:unstructured"/>
            </selectedtool>
        </featuredcallout>
        <iconimage
            jcr:lastModified="{Date}2013-03-02T08:43:43.744Z"
            jcr:lastModifiedBy="ibilolikar"
            jcr:primaryType="nt:unstructured"
            sling:resourceType="foundation/components/image"
            imageRotate="0"/>
        <image
            jcr:lastModified="{Date}2013-03-02T08:43:43.744Z"
            jcr:lastModifiedBy="ibilolikar"
            jcr:primaryType="nt:unstructured"
            imageRotate="0"/>
    </jcr:content>
</jcr:root>
