<?xml version="1.0" encoding="UTF-8"?>
<jcr:root xmlns:sling="http://sling.apache.org/jcr/sling/1.0" xmlns:jcr="http://www.jcp.org/jcr/1.0" xmlns:rep="internal"
    jcr:mixinTypes="[rep:AccessControllable,rep:RepoAccessControllable]"
    jcr:primaryType="rep:root"
    sling:resourceType="sling:redirect"
    sling:target="/index.html"
    force="true"
    install="false"
    name="DuPont_Tags-2.0">
    <bin/>
    <rep:repoPolicy/>
    <jcr:system/>
    <var/>
    <libs/>
    <etc/>
    <apps/>
    <home/>
    <tmp/>
    <content/>
    <crx/>
    <rep:policy/>
    <robots.txt/>
    <file/>
</jcr:root>
