<?xml version="1.0" encoding="UTF-8"?>
<jcr:root xmlns:sling="http://sling.apache.org/jcr/sling/1.0" xmlns:cq="http://www.day.com/jcr/cq/1.0" xmlns:jcr="http://www.jcp.org/jcr/1.0" xmlns:mix="http://www.jcp.org/jcr/mix/1.0" xmlns:nt="http://www.jcp.org/jcr/nt/1.0"
    jcr:primaryType="cq:Page">
    <jcr:content
        cq:lastModified="{Date}2013-03-05T22:15:09.237Z"
        cq:lastModifiedBy="wchoi"
        cq:lastReplicated="{Date}2013-03-01T21:37:32.423Z"
        cq:lastReplicatedBy="wchoi"
        cq:lastReplicationAction="Deactivate"
        cq:template="/apps/dupont/phoenix/templates/base"
        jcr:isCheckedOut="{Boolean}true"
        jcr:mixinTypes="[mix:versionable]"
        jcr:primaryType="cq:PageContent"
        jcr:title="Folder - Hero Brands"
        jcr:uuid="ddb8ecd9-d794-4581-9e18-2632e5c85218"
        sling:resourceType="dupont/phoenix/components/pages/base"
        navTitle="Hero Brands"
        rank="c">
        <iconimage
            jcr:lastModified="{Date}2013-03-05T22:15:09.232Z"
            jcr:lastModifiedBy="wchoi"
            jcr:primaryType="nt:unstructured"
            sling:resourceType="foundation/components/image"
            imageRotate="0"/>
        <thumbnail
            jcr:lastModified="{Date}2013-03-05T22:15:09.232Z"
            jcr:lastModifiedBy="wchoi"
            jcr:primaryType="nt:unstructured"
            sling:resourceType="foundation/components/image"
            imageRotate="0"/>
        <image
            jcr:lastModified="{Date}2013-03-05T22:15:09.232Z"
            jcr:lastModifiedBy="wchoi"
            jcr:primaryType="nt:unstructured"
            imageRotate="0"/>
    </jcr:content>
    <corian-/>
    <danisco-/>
    <kevlar-/>
    <nomex-/>
    <pioneer-/>
    <sentry-glass-/>
    <sorona-/>
    <teflon-/>
    <tyvek-/>
</jcr:root>
