<?xml version="1.0" encoding="UTF-8"?>
<jcr:root xmlns:sling="http://sling.apache.org/jcr/sling/1.0" xmlns:cq="http://www.day.com/jcr/cq/1.0" xmlns:jcr="http://www.jcp.org/jcr/1.0"
    jcr:primaryType="cq:Tag"
    jcr:title="Brands"
    sling:resourceType="cq/tagging/components/tag">
    <kevlar_td/>
    <nomex_td/>
    <proshield/>
    <protera/>
    <tempro/>
    <thermo_man/>
    <tychem/>
    <tyvek_protective_apparel/>
    <tyvek_td/>
    <sorona_td/>
    <triton_td/>
    <orphan/>
    <precisionpac_td/>
    <zytel/>
</jcr:root>
