<?xml version="1.0" encoding="UTF-8"?>
<jcr:root xmlns:sling="http://sling.apache.org/jcr/sling/1.0" xmlns:cq="http://www.day.com/jcr/cq/1.0" xmlns:jcr="http://www.jcp.org/jcr/1.0"
    cq:lastReplicated="{Date}2013-03-06T08:10:20.476Z"
    cq:lastReplicatedBy="nvarghese"
    cq:lastReplicationAction="Activate"
    jcr:mixinTypes="[cq:ReplicationStatus]"
    jcr:primaryType="cq:Tag"
    jcr:title="Government &amp; Public Sector"
    sling:resourceType="cq/tagging/components/tag">
    <government_and_public_sector_correctional_facilities/>
    <government_and_public_sector_military_vehicles/>
    <government_and_public_sector_defense/>
    <government_and_public_sector_emergency_services/>
    <government_and_public_sector_military_construction/>
    <government_and_public_sector_waste_management_and_remediation/>
    <oil_and_gas/>
    <roads_bridges_tunnels_and_public_infrastructure/>
    <water_treatment/>
</jcr:root>
