<?xml version="1.0" encoding="UTF-8"?>
<jcr:root xmlns:sling="http://sling.apache.org/jcr/sling/1.0" xmlns:cq="http://www.day.com/jcr/cq/1.0" xmlns:jcr="http://www.jcp.org/jcr/1.0" xmlns:mix="http://www.jcp.org/jcr/mix/1.0" xmlns:nt="http://www.jcp.org/jcr/nt/1.0"
    jcr:primaryType="cq:Page">
    <jcr:content
        cq:lastModified="{Date}2013-01-06T20:52:11.914Z"
        cq:lastModifiedBy="kchivukula"
        cq:lastReplicated="{Date}2013-03-07T23:28:40.287Z"
        cq:lastReplicatedBy="wchoi"
        cq:lastReplicationAction="Activate"
        cq:template="/apps/dupont/phoenix/templates/corporatecontent"
        jcr:isCheckedOut="{Boolean}true"
        jcr:mixinTypes="[mix:versionable]"
        jcr:primaryType="cq:PageContent"
        jcr:title="German (DE)"
        jcr:uuid="c9281fbf-0324-4af7-8048-4750e0f555cc"
        sling:resourceType="dupont/phoenix/components/pages/corporatecontent"
        hideInNav="true"
        rank="c">
        <iconimage
            jcr:lastModified="{Date}2013-01-06T20:52:11.910Z"
            jcr:lastModifiedBy="kchivukula"
            jcr:primaryType="nt:unstructured"
            sling:resourceType="foundation/components/image"
            imageRotate="0"/>
        <thumbnail
            jcr:lastModified="{Date}2013-01-06T20:52:11.910Z"
            jcr:lastModifiedBy="kchivukula"
            jcr:primaryType="nt:unstructured"
            sling:resourceType="foundation/components/image"
            imageRotate="0"/>
        <image
            jcr:lastModified="{Date}2013-01-06T20:52:11.910Z"
            jcr:lastModifiedBy="kchivukula"
            jcr:primaryType="nt:unstructured"
            imageRotate="0"/>
    </jcr:content>
    <awards-recognition/>
    <history/>
    <leadership/>
    <locations/>
    <outreach/>
    <values/>
    <vision/>
</jcr:root>
