<?xml version="1.0" encoding="UTF-8"?>
<jcr:root xmlns:sling="http://sling.apache.org/jcr/sling/1.0" xmlns:cq="http://www.day.com/jcr/cq/1.0" xmlns:jcr="http://www.jcp.org/jcr/1.0"
    cq:lastReplicated="{Date}2013-01-30T20:39:18.382Z"
    cq:lastReplicatedBy="wchoi"
    cq:lastReplicationAction="Activate"
    jcr:mixinTypes="[cq:ReplicationStatus]"
    jcr:primaryType="cq:Tag"
    jcr:title="Orphan"
    sling:resourceType="cq/tagging/components/tag">
    <nomex_comfort/>
    <nomex_iiia/>
    <nomex_ls/>
    <nomex_mtp/>
    <nomex_provis/>
    <kevlar_armor_technology/>
    <kevlar_clean_technology/>
    <kevlar_stretch_armor_technology/>
</jcr:root>
