<?xml version="1.0" encoding="UTF-8"?>
<jcr:root xmlns:sling="http://sling.apache.org/jcr/sling/1.0" xmlns:cq="http://www.day.com/jcr/cq/1.0" xmlns:jcr="http://www.jcp.org/jcr/1.0"
    cq:lastReplicated="{Date}2013-03-06T08:10:19.402Z"
    cq:lastReplicatedBy="nvarghese"
    cq:lastReplicationAction="Activate"
    jcr:mixinTypes="[cq:ReplicationStatus]"
    jcr:primaryType="cq:Tag"
    jcr:title="Personal Protective Equipment"
    sling:resourceType="cq/tagging/components/tag">
    <body_armor/>
    <chemical_protective_garments_and_accessories/>
    <controlled_environments_apparel_and_accessories/>
    <cut_protection/>
    <hazmat_protection/>
    <medical_fabrics/>
    <thermal_protective_apparel_and_accessories/>
    <vehicle_armor/>
</jcr:root>
