<?xml version="1.0" encoding="UTF-8"?>
<jcr:root xmlns:sling="http://sling.apache.org/jcr/sling/1.0" xmlns:cq="http://www.day.com/jcr/cq/1.0" xmlns:jcr="http://www.jcp.org/jcr/1.0" xmlns:mix="http://www.jcp.org/jcr/mix/1.0" xmlns:nt="http://www.jcp.org/jcr/nt/1.0" xmlns:rep="internal"
    jcr:mixinTypes="[rep:AccessControllable]"
    jcr:primaryType="cq:Page">
    <jcr:content
        cq:lastModified="{Date}2013-01-18T10:07:39.533Z"
        cq:lastModifiedBy="sanket301989"
        cq:lastReplicated="{Date}2013-03-01T21:37:32.423Z"
        cq:lastReplicatedBy="wchoi"
        cq:lastReplicationAction="Deactivate"
        cq:template="/apps/dupont/phoenix/templates/base"
        jcr:isCheckedOut="{Boolean}true"
        jcr:mixinTypes="[mix:versionable]"
        jcr:primaryType="cq:PageContent"
        jcr:title="Folder - Uses &amp; Applications"
        jcr:uuid="7a24f33f-71d6-45cc-ab9c-e328df25d422"
        sling:resourceType="dupont/phoenix/components/pages/base"
        hideInNav="{Boolean}true"
        rank="c">
        <iconimage
            jcr:lastModified="{Date}2012-12-19T04:41:01.892Z"
            jcr:lastModifiedBy="kchivukula"
            jcr:primaryType="nt:unstructured"
            sling:resourceType="foundation/components/image"
            imageRotate="0"/>
        <thumbnail
            jcr:lastModified="{Date}2012-12-19T04:41:01.892Z"
            jcr:lastModifiedBy="kchivukula"
            jcr:primaryType="nt:unstructured"
            sling:resourceType="foundation/components/image"
            imageRotate="0"/>
        <image
            jcr:lastModified="{Date}2012-12-19T04:41:01.892Z"
            jcr:lastModifiedBy="kchivukula"
            jcr:primaryType="nt:unstructured"
            imageRotate="0"/>
    </jcr:content>
    <automotive-components/>
    <honeycomb-core-technology/>
    <automotive-hoses-belts/>
    <aerospace-marine-rail/>
    <belts-with-kevlar/>
    <kevlar-oil-gas-application/>
    <kevlar-for-stronger-brake-pads-clutches-gaskets/>
    <tyres/>
    <sporting-goods-apparel-accessories/>
    <composites/>
    <personal-electronics/>
    <electrical-insulation/>
    <ropes-cables/>
    <fiber-optics/>
    <heat-insulation-shields-spark-plugs/>
</jcr:root>
