<?xml version="1.0" encoding="UTF-8"?>
<jcr:root xmlns:sling="http://sling.apache.org/jcr/sling/1.0" xmlns:cq="http://www.day.com/jcr/cq/1.0" xmlns:jcr="http://www.jcp.org/jcr/1.0"
    jcr:primaryType="cq:Tag"
    jcr:title="Chemicals, Compounds &amp; Solutions"
    sling:resourceType="cq/tagging/components/tag">
    <additives/>
    <aerosols/>
    <cleaners_removers_and_disinfectants/>
    <fluorinated_chemicals/>
    <lubricants/>
    <methylamines/>
    <monomers/>
    <refrigerants/>
    <sulfuric_acid_offerings/>
</jcr:root>
