<?xml version="1.0" encoding="UTF-8"?>
<jcr:root xmlns:sling="http://sling.apache.org/jcr/sling/1.0" xmlns:cq="http://www.day.com/jcr/cq/1.0" xmlns:jcr="http://www.jcp.org/jcr/1.0" xmlns:mix="http://www.jcp.org/jcr/mix/1.0" xmlns:nt="http://www.jcp.org/jcr/nt/1.0"
    jcr:primaryType="cq:Page">
    <jcr:content
        cq:lastModified="{Date}2013-02-26T23:36:10.953Z"
        cq:lastModifiedBy="wchoi"
        cq:lastReplicated="{Date}2013-03-01T21:37:32.423Z"
        cq:lastReplicatedBy="wchoi"
        cq:lastReplicationAction="Deactivate"
        cq:template="/apps/dupont/phoenix/templates/brand"
        jcr:isCheckedOut="{Boolean}true"
        jcr:mixinTypes="[mix:versionable]"
        jcr:primaryType="cq:PageContent"
        jcr:title="Corian®"
        jcr:uuid="5bf92d4f-6821-4dc0-95ef-c15711436359"
        sling:resourceType="dupont/phoenix/components/pages/brand"
        contentType="brand"
        rank="c"
        redirectTarget="http://corian.co.uk/Corian/en_GB/index.html">
        <featuredb
            jcr:primaryType="nt:unstructured"
            sling:resourceType="dupont/phoenix/components/featuredb">
            <selectedtool
                jcr:primaryType="nt:unstructured"
                sling:resourceType="dupont/phoenix/components/linklistcurated"
                isCurated="true"/>
        </featuredb>
        <hlm-pressreleases
            jcr:primaryType="nt:unstructured"
            sling:resourceType="dupont/phoenix/components/hlm"
            contentType="pressrelease"/>
        <hlm-subbrands
            jcr:primaryType="nt:unstructured"
            sling:resourceType="dupont/phoenix/components/hlm"
            contentType="subbrand"/>
        <hlm-usesapplications
            jcr:primaryType="nt:unstructured"
            sling:resourceType="dupont/phoenix/components/hlm"
            contentType="usesapplication"/>
        <featuredc
            jcr:primaryType="nt:unstructured"
            sling:resourceType="dupont/phoenix/components/featuredb">
            <selectedtool
                jcr:primaryType="nt:unstructured"
                sling:resourceType="dupont/phoenix/components/linklistcurated"
                isCurated="true"/>
        </featuredc>
        <hlm-products
            jcr:primaryType="nt:unstructured"
            sling:resourceType="dupont/phoenix/components/hlm"
            contentType="product"
            recommendedContentTypes="product,brand"/>
        <hlm-casestudies
            jcr:primaryType="nt:unstructured"
            sling:resourceType="dupont/phoenix/components/hlm"
            contentType="casestudy"/>
        <hlm-industries
            jcr:primaryType="nt:unstructured"
            sling:resourceType="dupont/phoenix/components/hlm"
            contentType="industry"
            recommendedContentTypes="industry,subindustry"/>
        <viewallcontent jcr:primaryType="nt:unstructured">
            <querybuilder
                jcr:primaryType="nt:unstructured"
                sling:resourceType="dupont/phoenix/components/viewall/querybuilder">
                <left jcr:primaryType="nt:unstructured">
                    <options
                        jcr:primaryType="nt:unstructured"
                        sling:resourceType="dupont/phoenix/components/viewall/predicates/options"/>
                </left>
            </querybuilder>
        </viewallcontent>
        <introbodytext
            jcr:primaryType="nt:unstructured"
            sling:resourceType="dupont/phoenix/components/introbodytext"
            hideInlineCallout="{Boolean}true"/>
        <iconimage
            jcr:lastModified="{Date}2013-02-26T23:36:10.949Z"
            jcr:lastModifiedBy="wchoi"
            jcr:primaryType="nt:unstructured"
            sling:resourceType="foundation/components/image"/>
        <thumbnail
            jcr:lastModified="{Date}2013-02-26T23:36:10.949Z"
            jcr:lastModifiedBy="wchoi"
            jcr:primaryType="nt:unstructured"
            sling:resourceType="foundation/components/image"/>
        <image
            jcr:lastModified="{Date}2013-02-26T23:36:10.949Z"
            jcr:lastModifiedBy="wchoi"
            jcr:primaryType="nt:unstructured"
            imageRotate="0"/>
    </jcr:content>
</jcr:root>
