<?xml version="1.0" encoding="UTF-8"?>
<jcr:root xmlns:sling="http://sling.apache.org/jcr/sling/1.0" xmlns:cq="http://www.day.com/jcr/cq/1.0" xmlns:jcr="http://www.jcp.org/jcr/1.0"
    jcr:primaryType="cq:Tag"
    jcr:title="Transportation"
    sling:resourceType="cq/tagging/components/tag">
    <transportation_construction_vehicles/>
    <transportation_military_vehicles/>
    <transportation_motorcycles/>
    <transportation_recreation_and_sports_vehicles/>
    <buses/>
    <commercial_transport_and_shipping/>
    <farm_vehicles/>
    <public_transportation/>
    <trucks/>
</jcr:root>
