<?xml version="1.0" encoding="UTF-8"?>
<jcr:root xmlns:sling="http://sling.apache.org/jcr/sling/1.0" xmlns:jcr="http://www.jcp.org/jcr/1.0" xmlns:mix="http://www.jcp.org/jcr/mix/1.0" xmlns:rep="internal"
    jcr:mixinTypes="[mix:lockable,rep:AccessControllable,sling:Redirect]"
    jcr:primaryType="sling:OrderedFolder"
    sling:resourceType="sling:redirect"
    sling:target="/geohome">
    <campaigns/>
    <dam/>
    <usergenerated/>
    <rep:policy/>
    <geometrixx-outdoors/>
    <geometrixx-outdoors-mobile/>
    <geometrixx/>
    <geometrixx_mobile/>
    <woo-test-site/>
    <dupont/>
    <ca/>
    <us-demo-site/>
    <demo-site/>
    <raghu-demo-site/>
    <ScottDemoSite/>
    <santiago-test-site/>
    <dupont-test-idc/>
    <dupont-internal-business/>
    <us/>
    <dupont-internal-view/>
    <en_us/>
    <en_gb/>
    <wootest/>
    <dev-space/>
    <dupont-internal-dpt-demo/>
    <product-test-country-sites/>
    <dupont-internal-view-backup/>
    <test-uk_raghu/>
    <dupont-internal-view2/>
    <pages-converted-to-live-copy/>
    <test/>
    <keith-test/>
    <en_in/>
    <en_us11/>
    <country-config/>
    <dupont-internal-dpt-demo1/>
    <en_us20/>
    <dupont-internal-dpt-demo2/>
    <en_us110/>
    <jaime/>
    <pheonix-perf-test-structure/>
    <de_de/>
    <dupont-internal-view-china-13Feb/>
    <dupont-internal-view-v16/>
    <dupont-internal-view1/>
</jcr:root>
