<?xml version="1.0" encoding="UTF-8"?>
<jcr:root xmlns:sling="http://sling.apache.org/jcr/sling/1.0" xmlns:cq="http://www.day.com/jcr/cq/1.0" xmlns:jcr="http://www.jcp.org/jcr/1.0"
    jcr:primaryType="cq:Tag"
    jcr:title="Packaging Materials &amp; Solutions"
    sling:resourceType="cq/tagging/components/tag">
    <anti-counterfeiting_solutions/>
    <cosmetics_packaging/>
    <electronic_packaging/>
    <envelopes/>
    <industrial_packaging/>
    <lidding_materials/>
    <medical_packaging_materials/>
    <packaging_resins/>
</jcr:root>
