<?xml version="1.0" encoding="UTF-8"?>
<jcr:root xmlns:sling="http://sling.apache.org/jcr/sling/1.0" xmlns:cq="http://www.day.com/jcr/cq/1.0" xmlns:jcr="http://www.jcp.org/jcr/1.0" xmlns:mix="http://www.jcp.org/jcr/mix/1.0" xmlns:nt="http://www.jcp.org/jcr/nt/1.0"
    jcr:primaryType="cq:Page">
    <jcr:content
        cq:lastModified="{Date}2013-03-07T21:03:44.045Z"
        cq:lastModifiedBy="wchoi"
        cq:lastReplicated="{Date}2013-03-07T23:28:09.256Z"
        cq:lastReplicatedBy="wchoi"
        cq:lastReplicationAction="Activate"
        cq:tags="[DuPont:industry/safety_and_protection]"
        cq:template="/apps/dupont/phoenix/templates/brand"
        jcr:description="Discover how our sustainable business consultants customize solutions based on DuPont best practices to help clients improve their triple bottom line."
        jcr:isCheckedOut="{Boolean}true"
        jcr:mixinTypes="[mix:versionable]"
        jcr:primaryType="cq:PageContent"
        jcr:title="DuPont Sustainable Solutions"
        jcr:uuid="bc10ca6b-68b9-4739-9f92-348c3b70dca2"
        sling:resourceType="dupont/phoenix/components/pages/brand"
        contentType="brand"
        rank="c"
        redirectTarget="http://www2.dupont.com/sustainable-solutions/en-us/dss/sustainable-solutions.html">
        <featuredb
            jcr:primaryType="nt:unstructured"
            sling:resourceType="dupont/phoenix/components/featuredb">
            <selectedtool
                jcr:primaryType="nt:unstructured"
                sling:resourceType="dupont/phoenix/components/linklistcurated"
                isCurated="true"/>
        </featuredb>
        <hlm-pressreleases
            jcr:primaryType="nt:unstructured"
            sling:resourceType="dupont/phoenix/components/hlm"
            contentType="pressrelease"/>
        <hlm-subbrands
            jcr:primaryType="nt:unstructured"
            sling:resourceType="dupont/phoenix/components/hlm"
            contentType="subbrand"/>
        <hlm-usesapplications
            jcr:primaryType="nt:unstructured"
            sling:resourceType="dupont/phoenix/components/hlm"
            contentType="usesapplication"/>
        <featuredc
            jcr:primaryType="nt:unstructured"
            sling:resourceType="dupont/phoenix/components/featuredb">
            <selectedtool
                jcr:primaryType="nt:unstructured"
                sling:resourceType="dupont/phoenix/components/linklistcurated"
                isCurated="true"/>
        </featuredc>
        <hlm-products
            jcr:primaryType="nt:unstructured"
            sling:resourceType="dupont/phoenix/components/hlm"
            contentType="product"
            recommendedContentTypes="product,brand"/>
        <hlm-casestudies
            jcr:primaryType="nt:unstructured"
            sling:resourceType="dupont/phoenix/components/hlm"
            contentType="casestudy"/>
        <hlm-industries
            jcr:primaryType="nt:unstructured"
            sling:resourceType="dupont/phoenix/components/hlm"
            contentType="industry"
            recommendedContentTypes="industry,subindustry"/>
        <viewallcontent jcr:primaryType="nt:unstructured">
            <querybuilder
                jcr:primaryType="nt:unstructured"
                sling:resourceType="dupont/phoenix/components/viewall/querybuilder">
                <left jcr:primaryType="nt:unstructured">
                    <options
                        jcr:primaryType="nt:unstructured"
                        sling:resourceType="dupont/phoenix/components/viewall/predicates/options"/>
                </left>
            </querybuilder>
        </viewallcontent>
        <introbodytext
            jcr:primaryType="nt:unstructured"
            sling:resourceType="dupont/phoenix/components/introbodytext"
            hideInlineCallout="{Boolean}true"/>
        <iconimage
            jcr:lastModified="{Date}2013-03-07T21:03:44.039Z"
            jcr:lastModifiedBy="wchoi"
            jcr:primaryType="nt:unstructured"
            sling:resourceType="foundation/components/image"/>
        <thumbnail
            jcr:lastModified="{Date}2013-03-07T21:03:44.039Z"
            jcr:lastModifiedBy="wchoi"
            jcr:primaryType="nt:unstructured"
            sling:resourceType="foundation/components/image"
            fileReference="/content/dam/assets/ghostpage-images/dpt/images/DuPontSustainableSolutions.jpg"/>
        <image
            jcr:lastModified="{Date}2013-03-07T21:03:44.039Z"
            jcr:lastModifiedBy="wchoi"
            jcr:primaryType="nt:unstructured"
            imageRotate="0"/>
    </jcr:content>
</jcr:root>
