<?xml version="1.0" encoding="UTF-8"?>
<jcr:root xmlns:sling="http://sling.apache.org/jcr/sling/1.0" xmlns:cq="http://www.day.com/jcr/cq/1.0" xmlns:jcr="http://www.jcp.org/jcr/1.0"
    jcr:description="automatically created by tagIngestion"
    jcr:primaryType="cq:Tag"
    jcr:title="product_service_category"
    sling:resourceType="cq/tagging/components/tag">
    <cereals_protection/>
    <forestry_management/>
    <corn_protection/>
    <active_packaging/>
    <additives/>
    <aerosols/>
    <agricultural_mulchplantcoverings/>
    <alfalfa/>
    <alginate/>
    <animal_health_qualityassurance/>
    <anti-counterfeitingsolutions/>
    <antimicrobials/>
    <antioxidants/>
    <architectural_decorativepaintscoatings/>
    <asphalt_modifiers/>
    <asset_productivityreliabilityconsulting/>
    <automotive_customfinishes/>
    <automotive_refinishpaints/>
    <bareground_weed_control/>
    <bio-based_plasticizers/>
    <biobased_polymersmonomers/>
    <biorefinery_solutions/>
    <body_armor/>
    <brush_control/>
    <building_envelopesystems/>
    <canola/>
    <carpet_flooring_products/>
    <carrageenan/>
    <cellulose_gum/>
    <cereals_grains_protection/>
    <chemical_protectivegarmentsaccessories/>
    <citrus_fruit_protection/>
    <cleaners_removersdisinfectants/>
    <cleaning_disinfectionproducts/>
    <coffee_protection/>
    <colors/>
    <composites/>
    <conductive_plates/>
    <consumer_bakeware/>
    <consumer_cookware/>
    <controlled_environmentsapparelaccessories/>
    <corn_soybean_protection/>
    <corn_maize/>
    <cosmetics_personalcarequalityassurancesystems/>
    <cosmetics_packaging/>
    <cotton/>
    <cotton_protection/>
    <countertops_worktops/>
    <coverlays/>
    <cultures/>
    <cut_protection/>
    <dietary_fibers/>
    <diffuse_light_reflectors/>
    <digital_printinginks/>
    <disease_preventioncontrol/>
    <elastomers/>
    <electrical_insulation/>
    <electrical_materials/>
    <electroluminescentmaterials/>
    <electronic_gases/>
    <electronic_packaging/>
    <embedded_passivematerials/>
    <emulsifiers/>
    <energy_management/>
    <thermoplastics/>
    <envelopes/>
    <environmental_consultingtechnologylicensing/>
    <ethylene_copolymers/>
    <fabric_protection/>
    <fabrics/>
    <fallow_weed_control/>
    <fibers/>
    <filaments/>
    <filtration_separationsolutions/>
    <fire_extinguishants/>
    <flexible_polyimidelaminates/>
    <flexible_rigid-flexcircuitmaterials/>
    <flexographic_photopolymerplatessleeves/>
    <flexographic_platemakingsystems/>
    <fluorinated_chemicals/>
    <fluoropolymer_additives/>
    <fluoropolymer_films/>
    <fluoropolymer_materialsforpharmaceuticalsprocessing/>
    <fluoropolymer_resins/>
    <fluoropolymers/>
    <foam_expansion_agents/>
    <food_beverage_qualityassurancesystems/>
    <food_enzymes/>
    <food_protection/>
    <footwear/>
    <fruit_vine_protection/>
    <fruit_protection/>
    <fruit_vine_nut_protection/>
    <fruiting_vegetableprotection/>
    <golf_balls/>
    <golf_course_management/>
    <grape_vine_protection/>
    <grape_protection/>
    <greases/>
    <ground_stabilization/>
    <guar_gum/>
    <hazmat_protection/>
    <high_performanceseals/>
    <household_items/>
    <industrial_bakeware/>
    <industrial_packaging/>
    <ingredients/>
    <inks_for_digitalprinting/>
    <inoculants/>
    <interlayers/>
    <invasive_noxiousweedcontrol/>
    <laminates/>
    <landscaping_garden/>
    <lawn_garden_maintenance/>
    <lawn_care/>
    <leafy_vegetable_protection/>
    <legume_protection/>
    <lidding_materials/>
    <limited_combustiblecablingmaterials/>
    <lcd_liquid_crystaldisplaymaterials/>
    <locust_bean_gum/>
    <low_temperature_co-fireceramicmaterials/>
    <lubricants/>
    <medical_electronicmaterials/>
    <medical_fabrics/>
    <medical_face_shieldslabels/>
    <medical_packagingmaterials/>
    <medium-chain_triglycerides/>
    <membrane_electrodeassemblies/>
    <membranes_dispersions/>
    <methylamines/>
    <microcrystallinecellulose/>
    <mobile_device_materials/>
    <molding_resins/>
    <monomers/>
    <mounting_systems/>
    <mustard/>
    <nut_protection/>
    <oil_grease_repellents/>
    <oils/>
    <oilseed_pulse_cropprotection/>
    <oilseed_crop_protection/>
    <oled_organic_lightemittingdiodes/>
    <other_crop_protection/>
    <out-of-crop_weedcontrol/>
    <paint_coatings_additives/>
    <paint_coatings_pigments/>
    <palm_oil_plantationprotection/>
    <paper_pigments/>
    <parts_shapes/>
    <peanut_protection/>
    <pearl_millet/>
    <pectin/>
    <pest_management/>
    <pharmaceutical_propellants/>
    <pharmaceutical_qualityassurancesystems/>
    <photopolymer_films/>
    <photoresist_polymers/>
    <photovoltaic_backsheetfilms/>
    <photovoltaic_encapsulantssheets/>
    <photovoltaic_films/>
    <photovoltaic_frontsheetfilms/>
    <photovoltaic_metallizationpastes/>
    <pigment_dye_inks/>
    <plasma_display_panelmaterialspdp/>
    <plastics_pigments/>
    <polyester_films/>
    <polymer_additives/>
    <polymer_adhesives/>
    <polymer_modifiers/>
    <pome_fruit_protection/>
    <potato_protection/>
    <printed_circuit_boardmaterials/>
    <printing_substrates/>
    <probiotics/>
    <protective_apparel/>
    <pulse_legume_protection/>
    <pulse_crop_protection/>
    <range_pasture_weedcontrol/>
    <rare_sugars/>
    <refrigerants/>
    <packaging_resins/>
    <rice/>
    <rice_protection/>
    <rice_peanut_tobaccoprotection/>
    <safety_glass_interlayers/>
    <sandblasting_materials/>
    <sealants/>
    <selective_roadsideweedcontrol/>
    <semiconductor_fabricationpackagingmaterials/>
    <sheet_adhesives_laminates/>
    <sign_banner_materials/>
    <skiing_snowboarding/>
    <small_kitchen_appliances/>
    <solar_junction_boxstructuralcomponentmaterials/>
    <sorghum/>
    <sorghum_protection/>
    <soy_protein/>
    <soybean_protection/>
    <soybeans/>
    <specialties_pigments/>
    <stone_tile_protection/>
    <stone_fruit_protection/>
    <sugar_beet_protection/>
    <sugar_cane_protection/>
    <sulfuric_acid_offerings/>
    <sunflowers/>
    <surface_design_materials/>
    <surface_preparation/>
    <surfactants/>
    <sweeteners/>
    <tailored_blends/>
    <termite_householdinsectcontrol/>
    <termite_control/>
    <thermal_managementmaterials/>
    <thermal_protectiveapparelaccessories/>
    <thick_film_printedelectronics/>
    <thin_film_modules/>
    <thin_film_substrates/>
    <tobacco_protection/>
    <tomato_protection/>
    <transportation_coatings/>
    <tree_care/>
    <tropical_fruit_protection/>
    <turf_management/>
    <vegetable_protection/>
    <vehicle_air_transportcovers/>
    <vehicle_armor/>
    <vitamins/>
    <wafer_level_packagingmaterials/>
    <water_management/>
    <wheat/>
    <wheat_protection/>
    <wipes_substrates/>
    <wire_insulating_coatingmaterials/>
    <wire_insulation_polyimidefilms/>
    <workplace_safetyconsulting/>
    <xanthan/>
    <fruit/>
    <active_pharmaceuticalingredientsapi/>
    <car_accessories/>
    <pharmaceutical_excipientsintermediates/>
    <industrial_enzymes/>
    <pet_food_ingredients/>
    <animal_nutrition/>
</jcr:root>
