<?xml version="1.0" encoding="UTF-8"?>
<jcr:root xmlns:sling="http://sling.apache.org/jcr/sling/1.0" xmlns:cq="http://www.day.com/jcr/cq/1.0" xmlns:jcr="http://www.jcp.org/jcr/1.0" xmlns:mix="http://www.jcp.org/jcr/mix/1.0" xmlns:nt="http://www.jcp.org/jcr/nt/1.0"
    jcr:primaryType="cq:Page">
    <jcr:content
        cq:lastModified="{Date}2013-02-19T23:46:13.108Z"
        cq:lastModifiedBy="wchoi"
        cq:lastReplicated="{Date}2013-03-01T21:37:32.423Z"
        cq:lastReplicatedBy="wchoi"
        cq:lastReplicationAction="Deactivate"
        cq:tags="[DuPont:brands/nomex_td,DuPont:brands/protera,DuPont:business_unit/protection_technologies/protection_technologies_industrial_personal_protection,DuPont:business_unit/protection_technologies,DuPont:brands/proshield,DuPont:brands/thermo_man,DuPont:pcg/personal_protective_equipment/cut_protection,DuPont:usage/default,DuPont:megatrend/protection,DuPont:brands/tyvek_td,DuPont:pcg/personal_protective_equipment/chemical_protective_garments_and_accessories,DuPont:brands/tyvek_protective_apparel,DuPont:brands/kevlar_td,DuPont:industry/safety_and_protection,DuPont:pcg/personal_protective_equipment,DuPont:brands/tempro,DuPont:pcg/personal_protective_equipment/thermal_protective_apparel_and_accessories,DuPont:pcg/personal_protective_equipment/controlled_environments_apparel_and_accessories,DuPont:industry/energy,DuPont:industry/manufacturing_and_industrial]"
        cq:template="/apps/dupont/phoenix/templates/subindustry"
        jcr:description="For over 40 years, our scientists, engineers, and technicians have addressed the world’s safety needs with the best in technologies and innovations. Learn how industrial protection solutions from DuPont can help safeguard people."
        jcr:isCheckedOut="{Boolean}true"
        jcr:mixinTypes="[mix:versionable]"
        jcr:primaryType="cq:PageContent"
        jcr:title="Industrial Personal Protection"
        jcr:uuid="3e858c2c-83d8-482f-a7ec-547437851622"
        sling:resourceType="dupont/phoenix/components/pages/subindustry"
        authorInfo="admin"
        contentType="subindustry"
        description="Industrial protection solutions from DuPont, include some of the most trusted and innovative brands like Kevlar®, Nomex®, Tyvek®, and Tychem®."
        heroColor="2f5680"
        keywords="Industrial protection, industrial personal protection"
        pageTag="[DuPont:industry/safety_and_protection/safety_and_protection_industrial_personal_protection]"
        rank="c"
        title="Industrial Protection | DuPont">
        <contextualfooter jcr:primaryType="nt:unstructured">
            <helpfullinks
                jcr:primaryType="nt:unstructured"
                sling:resourceType="dupont/phoenix/components/helpfullinks"
                helpfullinks="[{&quot;linkURL&quot;:&quot;/content/dupont-internal-view/products-and-services/personal-protective-equipment/en_us/articles/where-to-buy&quot;\,&quot;linkText&quot;:&quot;Where to Buy&quot;\,&quot;openInNewWindow&quot;:false},{&quot;linkURL&quot;:&quot;http://www2.dupont.com/Personal_Protection/en_US/distarea/login.html&quot;\,&quot;linkText&quot;:&quot;Distributors and Wholesalers Resource Center&quot;\,&quot;openInNewWindow&quot;:false},{&quot;linkURL&quot;:&quot;/content/dupont-internal-view/products-and-services/personal-protective-equipment/en_us/faqs/news&quot;\,&quot;linkText&quot;:&quot;News&quot;\,&quot;openInNewWindow&quot;:false}]"/>
        </contextualfooter>
        <heronormal
            jcr:lastModified="{Date}2013-01-30T08:02:23.585Z"
            jcr:lastModifiedBy="djamdar"
            jcr:primaryType="nt:unstructured"
            jcr:title="DuPont offers some of the most trusted industrial protection brands in the indus"
            sling:resourceType="dupont/phoenix/components/hero/heronormal"
            alt="DuPont offers some of the most trusted industrial protection brands in the indus"
            fileReference="/content/dam/assets/industries/images/104824296_1250x328_1100x290.jpg"
            height="290"
            title=""/>
        <viewallcontent jcr:primaryType="nt:unstructured">
            <querybuilder
                jcr:primaryType="nt:unstructured"
                sling:resourceType="dupont/phoenix/components/viewall/querybuilder">
                <left jcr:primaryType="nt:unstructured">
                    <options
                        jcr:primaryType="nt:unstructured"
                        sling:resourceType="dupont/phoenix/components/viewall/predicates/options"/>
                </left>
            </querybuilder>
        </viewallcontent>
        <hlm-brands
            jcr:lastModified="{Date}2013-01-24T11:34:30.242Z"
            jcr:lastModifiedBy="ibilolikar"
            jcr:primaryType="nt:unstructured"
            sling:resourceType="dupont/phoenix/components/hlm"
            contentType="productcat"
            selectedTool="dupont/phoenix/components/touttool">
            <selectedtool
                jcr:lastModified="{Date}2013-01-24T11:34:15.132Z"
                jcr:lastModifiedBy="ibilolikar"
                jcr:primaryType="nt:unstructured"
                sling:resourceType="dupont/phoenix/components/productfindercallout"
                linkURL="http://safespec.dupont.com/safespec/productHome"
                linkURLTout="http://safespec.dupont.com/safespec/productHome"
                title="View Chemical Protective Garments in DuPont™ SafeSPEC™ 2.0"
                titleTout="View Chemical Protective Garments in DuPont™ SafeSPEC™ 2.0">
                <image
                    jcr:lastModified="{Date}2013-01-24T11:33:09.340Z"
                    jcr:lastModifiedBy="ibilolikar"
                    jcr:primaryType="nt:unstructured"
                    sling:resourceType="foundation/components/image"
                    imageRotate="0"/>
            </selectedtool>
        </hlm-brands>
        <hlm-productdetail
            jcr:lastModified="{Date}2013-01-24T11:20:51.051Z"
            jcr:lastModifiedBy="ibilolikar"
            jcr:primaryType="nt:unstructured"
            sling:resourceType="dupont/phoenix/components/hlm"
            contentType="brand"
            selectedTool="dupont/phoenix/components/touttool">
            <selectedtool
                jcr:lastModified="{Date}2013-01-24T11:21:34.711Z"
                jcr:lastModifiedBy="ibilolikar"
                jcr:primaryType="nt:unstructured"
                sling:resourceType="dupont/phoenix/components/touttool"
                linkURL="http://www2.dupont.com/NOWApp/DPPRequestGateway/sales/dl/?command=VCDealerByProduct"
                linkURLTout="http://www2.dupont.com/NOWApp/DPPRequestGateway/sales/dl/?command=VCDealerByProduct"
                title="Where to Buy"
                titleTout="Where to Buy">
                <image
                    jcr:lastModified="{Date}2013-01-24T11:21:34.711Z"
                    jcr:lastModifiedBy="ibilolikar"
                    jcr:primaryType="nt:unstructured"
                    sling:resourceType="foundation/components/image"
                    imageRotate="0"/>
            </selectedtool>
        </hlm-productdetail>
        <hlm-casestudies
            jcr:lastModified="{Date}2013-01-24T11:25:07.769Z"
            jcr:lastModifiedBy="ibilolikar"
            jcr:primaryType="nt:unstructured"
            sling:resourceType="dupont/phoenix/components/hlm"
            contentType="usesapplication"
            selectedTool="dupont/phoenix/components/touttool">
            <selectedtool
                jcr:lastModified="{Date}2013-01-24T11:26:30.769Z"
                jcr:lastModifiedBy="ibilolikar"
                jcr:primaryType="nt:unstructured"
                sling:resourceType="dupont/phoenix/components/touttool"
                linkURL="http://www2.dupont.com/personal-protection/en-us/dpt/overview/customer-service-directory.html"
                linkURLTout="http://www2.dupont.com/personal-protection/en-us/dpt/overview/customer-service-directory.html"
                title="Contact Our Customer Service"
                titleTout="Contact Our Customer Service">
                <image
                    jcr:lastModified="{Date}2013-01-24T11:26:30.769Z"
                    jcr:lastModifiedBy="ibilolikar"
                    jcr:primaryType="nt:unstructured"
                    sling:resourceType="foundation/components/image"
                    imageRotate="0"/>
            </selectedtool>
        </hlm-casestudies>
        <hlm-articles
            jcr:lastModified="{Date}2013-02-18T00:03:20.370Z"
            jcr:lastModifiedBy="jappling"
            jcr:primaryType="nt:unstructured"
            sling:resourceType="dupont/phoenix/components/hlm"
            contentType="casestudy"
            showHideRowCallout="true"/>
        <hlm-event
            jcr:lastModified="{Date}2013-02-18T00:02:46.155Z"
            jcr:lastModifiedBy="jappling"
            jcr:primaryType="nt:unstructured"
            sling:resourceType="dupont/phoenix/components/hlm"
            contentType="article"
            showHideRowCallout="true"/>
        <hlm-usesapplications
            jcr:lastModified="{Date}2013-01-22T12:26:50.641Z"
            jcr:lastModifiedBy="atulraj"
            jcr:primaryType="nt:unstructured"
            sling:resourceType="dupont/phoenix/components/hlm"
            contentType="subbrand"
            showHideRowCallout="true"/>
        <contactus
            jcr:primaryType="nt:unstructured"
            sling:resourceType="dupont/phoenix/components/contactus"
            contactPageURL="http://www2.dupont.com/Personal_Protection/en_US/sales_support/contact_form.html"/>
        <introbodytext
            jcr:primaryType="nt:unstructured"
            sling:resourceType="dupont/phoenix/components/introbodytext"
            hideInlineCallout="{Boolean}true"
            introBodyText="&lt;p>To be successful, industries depend on their workers. Behind these workers are families and communities who depend on DuPont industrial protection to help keep their loved ones safe. For over 40 years, our scientists, engineers, and technicians have addressed the world’s safety needs with the best in safety technologies and innovations.  We apply real-world experience as owners and operators of industrial manufacturing facilities around the world — offering our own workers the same science-based solutions that we offer yours, including some of the most trusted and innovative brands in the industry, like Kevlar®, Nomex®, Tyvek®, and Tychem®.&lt;/p> &lt;p>DuPont is collaborating with companies around the world, from industrialized to developing nations, to help them implement and strengthen regulations for the protection of all workers. So whether you’re concerned about meeting revised industry standards or looking for newer, safer ways to provide your workers with enhanced protection, we’ll help you understand that responsibility.&lt;/p>"
            leadInLines="Industrial workers may have a variety of responsibilities while they’re on the job. We only have one — helping to safeguard people against hazards with industrial protection solutions from DuPont."
            pageTitle="Industrial Protection — Worker Safety Is Our Business"/>
        <featuredb
            jcr:lastModified="{Date}2013-02-19T23:46:13.107Z"
            jcr:lastModifiedBy="wchoi"
            jcr:primaryType="nt:unstructured"
            sling:resourceType="dupont/phoenix/components/featuredb"
            selectetPagePaths="[/content/dupont-internal-view/products-and-services/personal-protective-equipment/en_us/chemical-protective-garments/videos/material-specification,/content/dupont-internal-view/products-and-services/personal-protective-equipment/en_us/cut-protection/videos/kevlar-gloves,/content/dupont-internal-view/products-and-services/personal-protective-equipment/en_us/thermal-protective/videos/thermo-man]"/>
        <featuredcallout
            jcr:lastModified="{Date}2013-02-18T00:06:08.392Z"
            jcr:lastModifiedBy="jappling"
            jcr:primaryType="nt:unstructured"
            sling:resourceType="dupont/phoenix/components/featuredcallout"
            selectedTool="dupont/phoenix/components/productfindercallout">
            <selectedtool
                jcr:lastModified="{Date}2013-01-25T05:23:43.772Z"
                jcr:lastModifiedBy="djamdar"
                jcr:primaryType="nt:unstructured"
                sling:resourceType="dupont/phoenix/components/productfindercallout"
                linkURL="http://duponttools.force.com/ppf?lang=en_US&amp;country=USA&amp;level0=Industries&amp;level1=Safety+%26+Protection"
                title="SAFETY &amp; PROTECTION "/>
        </featuredcallout>
        <hlm-subbrands
            jcr:lastModified="{Date}2013-01-28T21:24:26.820Z"
            jcr:lastModifiedBy="abbhamid"
            jcr:primaryType="nt:unstructured"
            sling:resourceType="dupont/phoenix/components/hlm"
            contentType="subbrand"
            showHide="true"
            showHideRowCallout="true"/>
        <iconimage
            jcr:lastModified="{Date}2013-02-04T06:03:06.646Z"
            jcr:lastModifiedBy="abbhamid"
            jcr:primaryType="nt:unstructured"
            sling:resourceType="foundation/components/image"
            imageRotate="0"/>
        <thumbnail
            jcr:lastModified="{Date}2013-02-04T06:03:06.646Z"
            jcr:lastModifiedBy="abbhamid"
            jcr:primaryType="nt:unstructured"
            sling:resourceType="foundation/components/image"
            fileReference="/content/dam/assets/industries/images/104824296_465x232_630x315.jpg"
            imageRotate="0"/>
        <image
            jcr:lastModified="{Date}2013-02-04T06:03:06.646Z"
            jcr:lastModifiedBy="abbhamid"
            jcr:primaryType="nt:unstructured"
            imageRotate="0"/>
    </jcr:content>
</jcr:root>
