<?xml version="1.0" encoding="UTF-8"?>
<jcr:root xmlns:sling="http://sling.apache.org/jcr/sling/1.0" xmlns:cq="http://www.day.com/jcr/cq/1.0" xmlns:jcr="http://www.jcp.org/jcr/1.0"
    jcr:primaryType="cq:Tag"
    jcr:title="Automotive"
    sling:resourceType="cq/tagging/components/tag">
    <automotive_aftermarket/>
    <automotive_body_and_exterior/>
    <automotive_chassis/>
    <automotive_fuel_and_fuel_systems/>
    <automotive_hybrid_and_electric_vehicles/>
    <automotive_mechanical_systems/>
    <automotive_powertrain_and_engine_system_components/>
    <automotive_safety_systems_and_interior/>
    <automotive_thermal_management_and_hvac/>
    <automotive_transmission_and_driveline/>
    <automotive_glass/>
    <electrical_and_electronics/>
</jcr:root>
