<?xml version="1.0" encoding="UTF-8"?>
<jcr:root xmlns:sling="http://sling.apache.org/jcr/sling/1.0" xmlns:cq="http://www.day.com/jcr/cq/1.0" xmlns:jcr="http://www.jcp.org/jcr/1.0" xmlns:mix="http://www.jcp.org/jcr/mix/1.0" xmlns:nt="http://www.jcp.org/jcr/nt/1.0" xmlns:rep="internal"
    jcr:mixinTypes="[rep:AccessControllable]"
    jcr:primaryType="cq:Page">
    <jcr:content
        cq:lastModified="{Date}2013-02-27T00:28:47.135Z"
        cq:lastModifiedBy="wchoi"
        cq:lastReplicated="{Date}2013-03-01T21:37:32.423Z"
        cq:lastReplicatedBy="wchoi"
        cq:lastReplicationAction="Deactivate"
        cq:template="/apps/dupont/phoenix/templates/base"
        jcr:isCheckedOut="{Boolean}true"
        jcr:mixinTypes="[mix:versionable]"
        jcr:primaryType="cq:PageContent"
        jcr:title="Folder - Industries"
        jcr:uuid="be63895e-8e66-48fe-a9ce-16a3db67efe2"
        sling:resourceType="dupont/phoenix/components/pages/base"
        hideInNav="{Boolean}true"
        rank="c">
        <iconimage
            jcr:lastModified="{Date}2012-12-19T04:15:49.656Z"
            jcr:lastModifiedBy="kchivukula"
            jcr:primaryType="nt:unstructured"
            sling:resourceType="foundation/components/image"
            imageRotate="0"/>
        <thumbnail
            jcr:lastModified="{Date}2012-12-19T04:15:49.656Z"
            jcr:lastModifiedBy="kchivukula"
            jcr:primaryType="nt:unstructured"
            sling:resourceType="foundation/components/image"
            imageRotate="0"/>
        <image
            jcr:lastModified="{Date}2012-12-19T04:15:49.656Z"
            jcr:lastModifiedBy="kchivukula"
            jcr:primaryType="nt:unstructured"
            imageRotate="0"/>
    </jcr:content>
    <industries-landing-page/>
    <agriculture/>
    <animal-health/>
    <architecture/>
    <automotive/>
    <building-and-construction/>
    <chemicals/>
    <electronics/>
    <energy/>
    <enzymes/>
    <food-and-beverage/>
    <government-and-public-sector/>
    <health-care-and-medical/>
    <industrial-biotech/>
    <manufacturing/>
    <marine/>
    <mining/>
    <packaging-and-printing/>
    <plastics/>
    <rail/>
    <safety-protection/>
    <rep:policy/>
    <transportation/>
</jcr:root>
