<?xml version="1.0" encoding="UTF-8"?>
<jcr:root xmlns:sling="http://sling.apache.org/jcr/sling/1.0" xmlns:cq="http://www.day.com/jcr/cq/1.0" xmlns:jcr="http://www.jcp.org/jcr/1.0" xmlns:mix="http://www.jcp.org/jcr/mix/1.0" xmlns:nt="http://www.jcp.org/jcr/nt/1.0"
    jcr:primaryType="cq:Page">
    <jcr:content
        cq:lastModified="{Date}2013-02-27T00:05:51.931Z"
        cq:lastModifiedBy="wchoi"
        cq:lastReplicated="{Date}2013-03-07T23:28:17.626Z"
        cq:lastReplicatedBy="wchoi"
        cq:lastReplicationAction="Activate"
        cq:template="/apps/dupont/phoenix/templates/base"
        jcr:isCheckedOut="{Boolean}true"
        jcr:mixinTypes="[mix:versionable]"
        jcr:primaryType="cq:PageContent"
        jcr:title="Folder - Corporate Links"
        jcr:uuid="ab6a0a60-b6d6-4af7-a323-7e66b8f3fee4"
        sling:resourceType="dupont/phoenix/components/pages/base"
        hideInNav="true"
        rank="c">
        <iconimage
            jcr:lastModified="{Date}2012-12-19T04:04:30.288Z"
            jcr:lastModifiedBy="kchivukula"
            jcr:primaryType="nt:unstructured"
            sling:resourceType="foundation/components/image"
            imageRotate="0"/>
        <thumbnail
            jcr:lastModified="{Date}2012-12-19T04:04:30.288Z"
            jcr:lastModifiedBy="kchivukula"
            jcr:primaryType="nt:unstructured"
            sling:resourceType="foundation/components/image"
            imageRotate="0"/>
        <image
            jcr:lastModified="{Date}2012-12-19T04:04:30.288Z"
            jcr:lastModifiedBy="kchivukula"
            jcr:primaryType="nt:unstructured"
            imageRotate="0"/>
    </jcr:content>
    <our-company/>
    <science/>
    <sustainability/>
    <investor-centre/>
    <media-center/>
    <career-centre/>
    <contact/>
</jcr:root>
